RAZAO_FORNECEDOR,CNPJ_FORNECEDOR,avg_lead_time,std_lead_time,recurrence,total_spent,total_products_value,total_discount,discount_rate,avg_item_price,rating,classificacao
A.CAMARGO E CIA LTDA,1561794000125,3.0,0.0,1,647400,647400,0.0,0.0,161.85,4,Bom
ACOS YAMADA COMERCIO DE FERROS LTDA,2625739000114,1.0,0.0,1,366000,366000,11900.0,0.032513661202096956,183.0,5,Ótimo / Recomendado
ADALBERTO BENTO DA SILVA,1917194000319,1.0,0.0,1,479000,479000,0.0,0.0,479.0,4,Bom
ADVANZ COMMERCE LTDA,52112452000169,38.0,0.0,1,1040000,1040000,0.0,0.0,104.0,3,Médio
AEROFLEX INDUSTRIA DE AEROSOL LTDA,7872967000536,15.0,0.0,1,3766760,3398640,0.0,0.0,9.22,3,Médio
AG COMERCIO DE FERRAMANETAS E FERRAGENS,12338171000104,2.125,3.7036018504513506,16,15840470,15840470,0.0,0.0,978.510625,5,Ótimo / Recomendado
AG COMERCIO DE FERRAMENTAS E FERRAGENS LTDA - ME,12338171000104,1.5,0.7071067811865476,2,950000,950000,0.0,0.0,139.25,4,Bom
AGROQUIMA PRODUTOS AGROPECUARIOS LTDA,1626951000486,1.0,0.0,1,300000,300000,0.0,0.0,3.0926666666666667,4,Bom
AGUILERA AUTOPECAS DE GOIAS LTDA,12145475000236,3.6666666666666665,3.7859388972001824,3,625680,625680,0.0,0.0,45.33428571428572,4,Bom
AGUIPEL PAPEIS E EMBALAGENS LTDA,40384908000160,6.0,0.0,1,7027610,6806400,0.0,0.0,7.09,3,Médio
ALEXANDRE DE BRITO MONTEIRO LUIZ 84320303172,22168130000170,0.3333333333333333,0.5163977794943223,6,2727000,2822000,95000.0,0.03366406803684137,5.545555555555556,5,Ótimo / Recomendado
ALVORADA COM PRODUTOS AGROPECUARIOS LTDA,1963040006051,0.0,0.0,1,1940000,1940000,0.0,0.0,97.0,4,Bom
AMAZONAS INDUSTRIA E COMERCIO LTDA,47959697000358,10.0,1.4142135623730951,2,6955000,6955000,0.0,0.0,30.875,3,Médio
AMEV IMPORTADORA E DISTRIBUIDORA LTDA,41747346000135,6.6875,2.441823089414956,16,42244170,41468070,0.0,0.0,48.45098360655738,5,Ótimo / Recomendado
AMEV IMPORTADORA E DISTRIBUIDORA LTDA,41747346000992,10.0,2.8284271247461903,2,1857060,1841080,0.0,0.0,25.554,3,Médio
ANTONIAZZI TELAS E SERVICO DE GUINDASTE,4029213000105,0.0,0.0,1,1200000,1300000,100000.0,0.07692307692301775,5.633333333333333,5,Ótimo / Recomendado
APEX TOOL GROUP IND. E COM. FERRAM. LTDA,43408590000107,6.25,1.707825127659933,4,13603950,12978340,0.0,0.0,274.986,4,Bom
ARCOM S.A,25769266000124,2.0,0.0,1,785200,776230,0.0,0.0,49.03266666666667,4,Bom
ARICOBE REPRESENTAÃOES LTDA,53770486000103,5.0,0.0,1,1000000,1250000,250000.0,0.19999999999984,125.0,4,Bom
ARVORETA MAQUINAS EIRELI-EPP,9253745000137,1.5,0.7071067811865476,2,10595960,10595960,0.0,0.0,210.42375,4,Bom
ASTRO SPORTS,0,0.0,0.0,1,375000,375000,0.0,0.0,2.5,4,Bom
ATIVA FAST COMERCIO DE ELETROELETRONIC,5025035000107,7.0,0.0,1,509970,509970,0.0,0.0,169.99,3,Médio
AUTO LATAS PECAS E ACESSORIOS,25300893000111,3.0,0.0,1,365000,365000,0.0,0.0,365.0,4,Bom
BARIFLEX INDUSTRIA E COMERCIO LTDA,5935727000184,10.4,6.4265076052238514,5,47558550,46061500,0.0,0.0,4.330882352941177,3,Médio
BCR COMERCIO E INDUSTRIA SA,23797376000174,5.875,1.9621416870348585,16,46276670,46081980,0.0,0.0,35.23801785714286,5,Ótimo / Recomendado
BELMICRO TECNOLOGIA S/A,71052559000537,12.0,0.0,1,827970,777440,0.0,0.0,777.437,3,Médio
BERLINER DO BRASIL MOTORES LTDA,22662330000185,10.0,3.559026084010437,4,55349670,53196550,0.0,0.0,441.5422857142857,3,Médio
BIANATO IRRIGACAO E MANEJO DE DEJETOS LTDA,4703086000170,1.5,0.7071067811865476,2,1201250,1320160,118910.0,0.09007241546472392,70.30499999999999,5,Ótimo / Recomendado
BLACK & DECKER DO BRASIL LTDA,53296273003298,5.875,1.8850918886280925,8,22651760,21714820,0.0,0.0,219.46496774193548,4,Bom
BLACK PRIME SUDESTE PRODUTOS INDUSTRIAIS E AUTOMOTIVOS LTDA,34930566000134,6.5,0.7071067811865476,2,3413760,3153960,0.0,0.0,58.406666666666666,3,Médio
BODIPASA BOMBAS DIESEL PAULISTA LTDA,1097783000560,3.5,2.1213203435596424,2,2000480,2000480,0.0,0.0,1000.24,4,Bom
BREMEN IMPORTADORA DE EQUIPAMENTOS PARA LUBRIFICAC,598913000151,14.5,3.5355339059327378,2,21647140,21159130,0.0,0.0,120.52429411764706,3,Médio
BRUNO DE PADUA DIAS PAIAO ESTOPA,6900756000173,4.0,0.0,1,5000000,5000000,0.0,0.0,52.5,4,Bom
CAFE DO VOVO LTDA,3315375000139,6.2,4.604345773288535,5,1680000,1680000,0.0,0.0,67.2,4,Bom
CARGILL AGRICOLA S/A,60498706006600,0.0,0.0,1,800000,800000,0.0,0.0,800.0,4,Bom
CARMEM LUCIA DE SOUZA LUVAS,34153406000126,7.0,0.0,1,3476000,3476000,0.0,0.0,8.690000000000001,3,Médio
CARVALHO IND COM DE PECAS E MAQUINAS AGRICOLAS LTDA,94320371000102,8.0,0.0,1,3329930,3450700,345070.0,0.09999999999997103,3450.704,4,Bom
CASA DAS CORREIAS E BORRACHAS DIVINOPOLIS LTDA,2377167000100,8.0,2.449489742783178,4,20243630,19580550,0.0,0.0,71.5861,4,Bom
CASA DAS CORRENTES LTDA FILIAL,92690478000370,2.8,4.024922359499621,5,5449850,4968890,0.0,0.0,205.20499999999998,4,Bom
CENTRALSUL LTDA,871981000495,6.0,0.0,2,8887790,7819660,0.0,0.0,15.149833333333333,3,Médio
CGS DISTRIBUIDORA DE EPIS LTDA,53028986000174,4.0,0.0,1,2800000,2800000,0.0,0.0,44.0,4,Bom
CH DISTRIBUICAO E REPRESENTCAO,36117447000192,2.0,0.0,1,1699670,1690970,0.0,0.0,11.202,4,Bom
CHIAPERINI INDUSTRIAL LTDA,59064766000182,12.0,0.0,1,4105820,4081680,0.0,0.0,1762.335,3,Médio
CHURRASQUEIRA PATINI LTDA ME,3549205000119,1.5,0.7071067811865476,2,1390000,1390000,0.0,0.0,73.0,4,Bom
COBRA CONEXOES BRASIL IND METALURGICA LTDA,56940380000107,5.0,0.0,1,6895680,6678600,0.0,0.0,5.264166666666667,3,Médio
COBRA ENGENHARIA IND E COM LTDA,243816000146,3.0,0.0,1,220000,269360,49360.0,0.18324918324850292,26.936,5,Ótimo / Recomendado
COE COELHO E CIA LTDA.,1535467000107,3.0,2.160246899469287,4,2894000,2894190,0.19,6.564876528491024e-08,236.798,4,Bom
COFER IMPORTADORA E DISTRIBUIDORA LTDA,3064064000144,3.6470588235294117,1.7299268940690902,17,19954670,19772890,0.0,0.0,32.188738095238094,5,Ótimo / Recomendado
COFER IMPORTADORA E DISTRIBUIDORA LTDA,3064064000810,3.0,0.0,1,1052380,1044400,0.0,0.0,2.851,4,Bom
COLSON DO BRASIL LTDA.,5094003000155,10.5,0.7071067811865476,2,15682200,14516460,0.0,0.0,18.67111111111111,3,Médio
COM. DE ROLAMENTOS PEC. E RE,2589673000154,5.066666666666666,3.305118685283408,15,4305000,4793230,488230.0,0.10185824590096826,29.896893617021277,5,Ótimo / Recomendado
COMERCIAL TEM DE TUDO EIRELI,32842113000120,0.0,0.0,1,17490,17490,0.0,0.0,17.49,4,Bom
COMERCIAL VIPASA EIRELI,20992248000193,1.0,0.0,2,3295280,3295280,0.0,0.0,18.11576923076923,4,Bom
COMERCIO DE TINTAS M E M LTDA,16682559000340,1.0,0.0,1,999000,999460,0.46,4.602485342080121e-07,47.6475,4,Bom
CONDOR ATACADISTA DE MATERIAIS PARA CONSTRUCAO S/A,3261204000174,3.111111111111111,2.472066162365221,9,30354780,30194690,0.0,0.0,28.400875000000003,5,Ótimo / Recomendado
CORREIAS SCHNEIDER LTDA,61158895000181,12.0,0.0,1,118220,111000,0.0,0.0,111.0,3,Médio
CORTE E DOBRA GOIAS LTDA,44840545000181,1.0,0.0,1,142880,142880,0.0,0.0,142.88,4,Bom
DACARI ACESSORIOS LTDA,8992293000142,2.0,2.0,3,844150,844150,0.0,0.0,26.848058823529414,4,Bom
DAISAN PRODUTOS INDUSTRIAIS LTDA,5585654000148,9.833333333333334,2.8127859331777003,18,53919970,50823840,0.0,0.0,158.49416666666667,4,Bom
DECORLUMI E-COMMERCE LTDA,50627716000191,4.0,0.0,1,3540670,3540670,0.0,0.0,147.528,4,Bom
DENIS MARCELO VIEIRA DE SOUZA,20273491000151,1.3714285714285714,0.972737625156423,35,55230910,55281260,50350.0,0.0009107968957292054,11.324757142857143,5,Ótimo / Recomendado
DGOIAS DISTRIBUIDORA DE TINTAS,5002196000177,1.5263157894736843,1.0733344230135038,19,87304130,88758010,1453880.0,0.01638026810199985,26.924025157232705,5,Ótimo / Recomendado
DINIZ VEDACOES INDUSTRIAIS LTDA,62131594000127,4.0,0.0,1,4194000,3938030,0.0,0.0,787.606,4,Bom
DM DISTRIBUICAO E SERVICOS,55914248000150,1.0,0.0,1,199980,199980,0.0,0.0,16.665,4,Bom
DOCOL METAIS SANITARIOS LTDA,75339051000141,10.0,4.242640687119285,2,6116640,6116640,0.0,0.0,423.66,3,Médio
DUTRA MAQUINAS COMERCIAL E TECNICA LTDA,50970342000889,5.0,0.0,1,172510,161150,0.0,0.0,161.15,4,Bom
DVT COMERCIO IMPORTACAO E EXPORTACAO LTDA,7439329000526,6.0,0.0,1,1436990,1297000,0.0,0.0,12.97,3,Médio
DWD COMPONENTES AUTOMOTIVOS LTDA,44949429000103,3.0,2.8284271247461903,2,5959720,5959720,0.0,0.0,28.651439999999997,4,Bom
EDMILSON DE SOUZA NOGUEIRA,11165301000191,1.0,0.0,1,2650660,2650660,0.0,0.0,84.74954545454545,4,Bom
ELIONAIA FARIA DE LIMA CORREIA,53007294000140,0.5,0.7071067811865476,2,100000,100000,0.0,0.0,2.0,4,Bom
ESFERA ESTAMPARIA DE FERRO E ACO LTDA,21260419000152,18.0,0.0,1,2775000,2775000,0.0,0.0,185.0,3,Médio
ETILUX IMPE DIST DE ART DE CUTELARIA S.A,50306471000109,9.5,2.1213203435596424,2,16095140,15308580,0.0,0.0,38.55384615384615,3,Médio
F. DE O. GONDIM - ME,13121738000159,1.6666666666666667,1.1547005383792517,3,5797800,5797800,0.0,0.0,29.9125,4,Bom
FABRICA MINEIRA DE ELETRODOS E SOLDAS DENVER SA,22671564000199,7.0,0.0,1,13252230,12022600,0.0,0.0,29.583750000000002,3,Médio
FBT FABRICA BRASILEIRA DE TUBOS,13641299000105,6.0,0.0,1,3254000,3254000,0.0,0.0,1.405,3,Médio
FEK COMPONENTES ELETRICOS LTDA,45039970000139,4.0,0.0,1,3240000,3240000,0.0,0.0,5.3999999999999995,4,Bom
FERRAGENS NEGRAO CENTRO-OESTE COM L,55578848000194,2.5,1.3165611772087666,16,63160270,63083550,0.0,0.0,30.29430319148936,5,Ótimo / Recomendado
FERRAGISTA MT COMERCIO DE FERRAGENS LTDA,10278710000131,1.0,0.0,3,18409460,18409460,0.0,0.0,20.679583333333333,4,Bom
FERRAGISTA SAO JOSE,11093764000195,13.555555555555555,21.5576442623908,18,2754000,2754000,0.0,0.0,70.475,4,Bom
FLACH INDUSTRIA DE CARREGADORES E EQUIPAMENTOS ELE,16695624000100,7.0,0.0,1,9437630,8919630,0.0,0.0,815.61,3,Médio
FLEXMEGA COMERCIO DE MANGUEIRAS E CONEXOES LTDA,45305791000104,1.0,0.0,4,7902260,8440200,537940.0,0.06373545650576246,16.940235294117645,5,Ótimo / Recomendado
FONSECA DISTRIBUIDORA DE FERRO LTDA,36839126000100,1.5,0.7071067811865476,2,321000,405000,84000.0,0.20740740740689528,70.5,5,Ótimo / Recomendado
FORMULA PRODUTOS AUTOMOTIVOS LTDA,1581193000427,2.769230769230769,1.2428255648381974,26,204302000,204302000,0.0,0.0,954.7296545454545,5,Ótimo / Recomendado
FORTLEV INDUS.E COMERC. DE PLASTICO,10921911001004,6.0,0.0,1,2395670,2395670,0.0,0.0,3.501875,3,Médio
FRATI SUPRIMENTOS INDUSTRIAIS LTDA,10556094000133,10.5,0.7071067811865476,2,15416060,14756080,0.0,0.0,85.44125,3,Médio
FRIOVIX COMERCIO DE REFRIGERAÃ├O,9316105000129,7.0,0.0,1,506970,506970,0.0,0.0,506.97,3,Médio
FUNDICAO PIRAI EIRELI,4943534000102,13.0,0.0,1,2907300,2867820,0.0,0.0,35.467666666666666,3,Médio
G5 - CORDAS & CIA LTDA,46657215000180,5.0,0.0,1,2258200,2258200,0.0,0.0,0.8614285714285714,3,Médio
GARTHEN IND E COM DE MAQUINAS LTDA,82981721000194,9.0,2.0,3,28144840,28144840,0.0,0.0,5787.903333333333,3,Médio
GB COMERCIO E IMPORTACAO LTDA,33840839000197,5.0,0.0,1,539800,539800,0.0,0.0,26.99,4,Bom
GENESIO MACHADO DA SILVA 51730405134,18314258000128,1.5,0.7071067811865476,2,3762000,3762000,0.0,0.0,48.5,4,Bom
GILBERTO ALMEIDA BARBOSA POTENCIA,4345776000102,9.0,9.539392014169456,3,1246480,1384990,138510.0,0.10000794229554004,79.68166666666667,4,Bom
GIMAWA COMERCIAL LTDA,56840051000186,3.0,0.0,1,379900,379900,0.0,0.0,37.99,4,Bom
GLEICIMAR JOSE DE OUSA SILVA 02012147178,18057714000100,7.0,1.414213562373095,4,32040000,32040000,0.0,0.0,491.42857142857144,4,Bom
GLOBOMAQ BORRACHAS E MAQUINAS LTDA,3047573000169,2.2857142857142856,4.423960733486292,7,8084490,8303600,219110.0,0.026387350065028854,301.8533333333333,5,Ótimo / Recomendado
GOIANIA CORREIAS LTDA,26860128000119,2.0,0.0,1,280000,280000,0.0,0.0,70.0,4,Bom
"GOIANIA INDUSTRIA E COMERCIO DE TUBOS, VALV E CONEXOES",31639053000180,2.5,2.3804761428476167,4,5834560,5823890,0.0,0.0,343.721,4,Bom
GOLDTEX INDUSTRIA QUIMICA LTDA,31957249000113,3.6666666666666665,2.5166114784235836,3,1386000,1386000,0.0,0.0,81.5,4,Bom
GSN LONAS E ENCERADOS LTDA,49241239000142,7.0,0.0,1,1152000,1152000,0.0,0.0,288.0,3,Médio
GUIMARAES AGRICOLA LTDA,25120551000110,1.0,0.0,1,540080,540080,0.0,0.0,135.02,4,Bom
HIDRAFLUX INDUSTRIAL LTDA,898004000139,5.7272727272727275,3.0030287741181936,11,118588340,114190360,0.0,0.0,91.72658823529412,5,Ótimo / Recomendado
HIDRO VOLT-MAT ELETRICOS E HIDRAULICOS,16713303000191,0.3333333333333333,0.5,9,3746870,4536860,789990.0,0.1741270394060707,74.57,5,Ótimo / Recomendado
HIDRONINJA LTDA,9623574000190,1.0,0.0,1,1960000,1960000,0.0,0.0,250.0,4,Bom
HIGIENE MATERIAIS DE LIMPEZA,28584823000120,1.0,0.0,2,3333000,3333000,0.0,0.0,36.7125,4,Bom
HIMAFLEX INDUSTRIA E COMERCIO DE PLASTICOS LTDA,7335416000100,8.428571428571429,2.2990681342044406,7,59251360,57386250,0.0,0.0,13.727735849056605,4,Bom
IBC INDUSTRIA DE BORRACHAS CAXIAS,73241572000136,13.0,0.0,1,7759600,7286000,0.0,0.0,7.094285714285713,3,Médio
IBIRA INDUSTRIA E COMERCIO DE PLASTICOS LTDA,61478467000136,9.2,4.266145801540309,5,31694460,30719000,0.0,0.0,10.60923076923077,3,Médio
IMDEPA ROLAMENTOS IMP E COM LTDA,88613922000468,1.1,0.41649656391752155,50,201941570,190584680,0.0,0.0,15.7328978978979,5,Ótimo / Recomendado
IMPERIAL FERRAMENTAS,1716186000142,4.5,0.7071067811865476,2,2141500,2141500,0.0,0.0,155.475,4,Bom
IMPERIAL IMPORTADOS LTDA,37930551000164,4.0,1.1547005383792515,4,4831640,4435780,0.0,0.0,58.8728,4,Bom
IND COM COUROS CALCADOS PRIMAVERA LTDA,67417378000166,4.5,0.7071067811865476,2,32039620,35597340,3557720.0,0.09994342273888723,84.40136363636363,4,Bom
INDUSCOMEL IND E COM CORRENTES MASSARI LTDA,54947551000196,6.0,0.0,1,1959040,1785000,0.0,0.0,11.9,3,Médio
INDUSTRIA METALURGICA CIAR LTDA,59597773000140,19.0,0.0,1,3450970,3280400,0.0,0.0,49.77857142857143,3,Médio
IPC BRASIL - IMPORTADORA DE PRODUTOS CERTIFICADOS,9520471000103,10.0,2.0,3,13215900,12799900,0.0,0.0,16.69138888888889,3,Médio
IRMAOS SOARES S/A,1559046000531,1.6666666666666667,1.5275252316519465,3,1310300,1311060,0.76,5.79683614784541e-07,124.5775,4,Bom
IRMAOS SOARES S/A,1559046005339,0.0,0.0,1,918600,918600,0.0,0.0,45.93,4,Bom
ITATIAIAATACADISTA LTDA,6862927000389,4.0,0.0,2,3063410,3063410,0.0,0.0,15.235083333333334,4,Bom
JAKELINE VIEIRA CRUVINEL CABRAL,15700643000115,1.0,0.0,1,408690,408690,0.0,0.0,408.69,4,Bom
JC DIST LOG IMP E EXP DE PROD IND SA,6314327000203,3.0,1.8090680674665818,12,23630540,23603340,0.0,0.0,77.77887096774194,5,Ótimo / Recomendado
JG INDUSTRIA METALURGICA LTDA,25156112000167,1.0,0.0,1,3812070,3810810,0.0,0.0,26.905181818181816,4,Bom
JL COMERCIO DE PECAS E PNEUMATICOS LTDA,42006127000168,2.0,1.7320508075688772,3,316000,316000,0.0,0.0,31.5,4,Bom
JOMARCA INDUSTRIAL DE PARAFUSOS LTDA,43298975000150,9.5,0.7071067811865476,2,20512000,19260130,0.0,0.0,30.937583333333336,3,Médio
JOSE BREM FERNANDES MACHADO,91052815987,0.0,0.0,1,3550000,3550000,0.0,0.0,66.25,4,Bom
JR ATACADO E DISTRIBUIDORA DE EMBALAGENS PLASTICAS,29857647000116,4.0,3.0,3,2162820,2162820,0.0,0.0,34.644999999999996,4,Bom
JRL ATACADO E DISTRIBUIDORA LTDA,53290668000187,6.666666666666667,2.516611478423583,3,3592860,3592860,0.0,0.0,7.71,3,Médio
JW ROLAMENTOS RETENTORES E PECAS LTDA,8672425000159,1.0,0.0,2,783000,783000,0.0,0.0,47.625,4,Bom
KEVEN LUCAS VIEIRA GONDIM,61861558000156,1.0,0.0,3,7328700,7328700,0.0,0.0,22.45,4,Bom
KRONOS INDUSTRIA DE ABRASIVOS LTDA,45989878000130,7.0,0.0,1,4501000,4501000,0.0,0.0,6.785,3,Médio
L.L.E COMERCIO DE PRODUTOS AGROPECUARIOS LTDA - ME,4308362000103,0.0,0.0,1,582000,582000,0.0,0.0,58.2,4,Bom
LEIHSURE QUIMICA LTDA,50294874000177,2.0,0.0,1,3724500,3724500,0.0,0.0,28.1,4,Bom
LG MANGUEIRAS E PARAFUSOS LTDA,17085884000127,5.125,8.592978861505811,8,4994210,5091460,97250.0,0.019100611612382478,45.52654166666667,5,Ótimo / Recomendado
LIDER DISTRIBUIDORA DE ROLAMENTOS E PECAS LTDA.,9219852000149,1.0,0.0,1,930000,927000,0.0,0.0,90.0,4,Bom
LILIAN APARECIDA BORGES 03385475686,32963989000125,2.0,0.0,1,2400000,2400000,0.0,0.0,45.0,4,Bom
LOJA DO BORRACHEIRO LTDA,73469967000352,2.0,1.5811388300841898,5,1141230,1141230,0.0,0.0,193.446,4,Bom
LOJAS CASTELO FORTE LTA,6142796000101,4.0,1.4142135623730951,4,2388800,2388800,0.0,0.0,83.31304347826087,4,Bom
LUBEXX - EP DISTR LUBR PECAS FILTROS LTDA,8019654000179,1.0,0.0,1,1472720,1472720,0.0,0.0,450.2255,4,Bom
LUCIANO PECAS ELETRICA,3308333600,0.0,0.0,1,321100,321100,0.0,0.0,2.47,4,Bom
LUMAGI INDUSTRIA METALURGICA LTDA,56209307000151,6.8,1.0954451150103321,5,15352490,15352490,0.0,0.0,394.11181818181814,4,Bom
LUZTOL INDUSTRIA QUIMICA LTDA,464374000168,1.0,0.0,1,7791590,7155520,0.0,0.0,44.169,4,Bom
"LYNUS INDUSTRIA, COMERCIO, IMPORTACAO E EXPORTACAO LTDA",7162964000185,9.5,0.7071067811865476,2,21692170,21326870,0.0,0.0,187.67333333333332,3,Médio
M F CONEXOES INDUSTRIA E COMERCIO LTDA,25237662000100,6.0,0.0,1,8582150,8582150,0.0,0.0,24.94818181818182,3,Médio
M. A COMERCIO DE MAQUINAS E PECAS LTDA,47680627000102,0.5,0.7071067811865476,2,420000,440000,20000.0,0.04545454545444215,100.0,5,Ótimo / Recomendado
M. S. F. METALURGICA SANTA FE LTDA,3063573000152,8.0,0.0,1,8875000,8226160,0.0,0.0,39.013684210526314,3,Médio
MAC DIESEL LTDA,9666502000120,25.666666666666668,5.507570547286102,3,1067780,1067780,0.0,0.0,152.54,3,Médio
MAC DIESEL PECAS E SERVIÃOS LTDA-ME,9666502000120,16.88888888888889,6.489307444643929,9,4613000,5113570,500570.0,0.09789051484577352,423.55583333333334,4,Bom
MADEFER FERRAGENS MDF E ACESSORIOS,1926006000157,3.0,0.0,1,75170,75170,0.0,0.0,17.986,4,Bom
MAKITA DO BRASIL FERRAMENTAS ELETRICAS LTDA,45865920000100,4.428571428571429,1.6183471874253743,7,21501490,20462640,0.0,0.0,311.8870303030303,4,Bom
MAKITA DO BRASIL FERRAMENTAS ELETRICAS LTDA,45865920000615,6.5,0.7071067811865476,2,1770570,1701840,0.0,0.0,4.4078888888888885,3,Médio
MANGUEIRAS RV PARAFUSOS E FERRAMENTAS,28682246000100,3.888888888888889,3.4075080500434787,9,1348300,1574740,226440.0,0.14379516618607274,11.386291666666667,5,Ótimo / Recomendado
MARCIA PEREIRA DE SOUZA,24870128000174,4.0,0.0,1,276420,276420,0.0,0.0,138.21,4,Bom
MARCON INDUSTRIA METALURGICA LTDA,57211997000146,12.0,4.242640687119285,2,16978410,16939690,0.0,0.0,1021.0877777777777,3,Médio
MARTINS COMERCIO E SERVICOS DE DISTRIBUICAO S.A,43214055004013,3.8823529411764706,3.425681555201396,17,52947190,52818580,0.0,0.0,98.81985714285715,5,Ótimo / Recomendado
MARTINS COMERCIO E SERVICOS DE DISTRIBUICAO SA,43214055000107,2.0,0.0,1,7116410,7108310,0.0,0.0,4.739,4,Bom
MARYANNA ICHII PAIM COSTA EIRELI,30168828000114,2.0,2.8284271247461903,2,990000,990000,0.0,0.0,495.0,4,Bom
MASTER INDUSTRIA E COMERCIO DE CONEXOES LTDA,23419258000122,2.6666666666666665,0.5773502691896258,3,3079700,3079700,0.0,0.0,14.84,4,Bom
MEGA DISTRIBUIDORA,22222222222,1.0,0.0,1,680000,680000,0.0,0.0,34.0,4,Bom
MEGA METAIS HIDRAULICOS LTDA,42947550000162,8.5,7.7781745930520225,2,10465180,10465180,0.0,0.0,23.959605263157897,3,Médio
MEGAFLEX MANGUEIRAS E CONEXOES LTDA-ME,15794935000164,1.0769230769230769,0.35426836279082824,39,55004740,55012240,7500.0,0.00013633329600830403,15.385713286713289,5,Ótimo / Recomendado
MEGATECH COMERCIO DE PRODUTOS E INFORMATICA,31703330000177,0.0,0.0,1,250000,250000,0.0,0.0,250.0,4,Bom
MEGATECNOLOGIA IMPLEMENTOS RODOVIARIOS LTDA,19437625000305,1.0,0.0,1,1995000,1995000,0.0,0.0,9.975,4,Bom
MERTZ E GLAESER LTDA,379100000170,5.625,3.1594529363709247,8,34262240,34223240,0.0,0.0,147.16404494382022,4,Bom
METAIS NOBRES LTDA,21170462000127,1.6666666666666667,0.5773502691896257,3,2305020,2343230,37730.48,0.016101910610560596,50.72833333333333,5,Ótimo / Recomendado
METALBO INDUSTRIA DE FIXADORES METALICOS LTDA,75483040000211,8.333333333333334,0.5773502691896255,3,82435620,77404360,0.0,0.0,118.93294871794872,3,Médio
METALURGICA FERCAR LTDA,25850652000146,11.0,0.0,1,3083100,2936280,0.0,0.0,36.57,3,Médio
METALURGICA FEY LTDA,84229624000175,12.0,4.242640687119285,2,9716320,9123280,0.0,0.0,389.7242058823529,3,Médio
MG AUTO PECAS LTDA,36844256000122,2.5,0.7071067811865476,2,129000,145100,16100.0,0.11095796002680249,4.08725,5,Ótimo / Recomendado
MGM LUBRIFICANTES EIRELI,35647623000135,1.0,0.0,2,10617940,10603000,0.0,0.0,121.93433333333334,4,Bom
MICHELAINE STORE LTDA,45003997000171,4.0,0.0,1,1016400,1016400,0.0,0.0,101.64,4,Bom
MOTO BRASIL PECAS E ACESSORIOS LTDA,4584726000331,1.0,0.0,1,4560800,4560800,0.0,0.0,43.050000000000004,4,Bom
MOTO BRASIL PECAS E ACESSORIOS LTDA,4584726000412,1.0,0.0,4,8191750,8191750,0.0,0.0,76.39631578947369,4,Bom
NC PAPEIS LTDA,9032847000122,6.5,6.363961030678928,2,10883370,10540800,0.0,0.0,7.32,3,Médio
NEIDEMAR APARECIDA VIEIRA DO PRADO LTDA,32956737000179,2.0,1.0,3,5942170,5942170,0.0,0.0,169.19066666666666,4,Bom
"NEOBETEL EPI, EQUIPAMENTOS DE PROTECAO INDIVIDUAL LTDA",25464260000300,1.0,0.0,1,1950000,1950000,0.0,0.0,130.0,4,Bom
NEVASKA DISTRIBUIDORA DE CORREIAS E PECAS LTDA,9138091000281,1.0,0.0,1,3023510,2878670,0.0,0.0,6.0024,4,Bom
NEVASKA DISTRIBUIDORA DE CORREIS E PECAS LTDA,9138091000109,1.1666666666666667,0.38924947208076144,12,18409960,17759660,0.0,0.0,5.840590909090909,5,Ótimo / Recomendado
NEW HOME SHOP LTDA,23822173000190,4.0,0.0,1,737900,737900,0.0,0.0,49.193,4,Bom
NEW SHOP COMERCIO E INDUSTRIA EIRELI,43411944000164,8.0,0.0,1,6817500,6817500,0.0,0.0,90.89999999999999,3,Médio
NOVA AMAZONAS IND COM IMP ALIM LTDA,37259223000269,5.5,0.7071067811865476,2,1346920,1336920,0.0,0.0,27.8525,3,Médio
NOVA DISTRIBUIDORA DE FERRAGENS LTDA,2595626000113,1.5,0.5773502691896257,4,18037260,18037260,0.0,0.0,22.617901960784312,4,Bom
NXL DISTRIBUIDORA LTDA,33629235000104,7.0,0.0,2,10025300,10025300,0.0,0.0,5.596363636363637,3,Médio
O.V.D. IMPORTADORA E DISTRIBUIDORA LTDA,76635689000192,6.0,0.0,2,2844750,2844750,0.0,0.0,19.956666666666667,3,Médio
O.V.D. IMPORTADORA E DISTRIBUIDORA LTDA,76635689001326,1.5897435897435896,0.9319146250944174,78,698331310,684127290,0.0,0.0,60.06954683929931,5,Ótimo / Recomendado
ORBI QUIMICA S/A,7704914000344,15.0,0.0,1,6869900,6851520,0.0,0.0,5.685555555555556,3,Médio
OUROLUX COMERCIAL LTDA,5393234000321,8.0,1.0,3,41804940,38179340,0.0,0.0,22.016136363636363,3,Médio
PADO S.A INDL COML E IMPORTADORA,61144150000678,12.0,0.0,1,5863660,5863660,0.0,0.0,32.84916666666667,3,Médio
PASIFER AÃOS ESPECIAIS LTDA,11344973000164,13.0,0.0,1,3106530,3071490,0.0,0.0,1037.43,3,Médio
PEREIRA NOBRE AUTO PECAS,8660172000101,2.0,0.0,1,544000,544000,0.0,0.0,56.0,4,Bom
PERFIL EPI'S E SOLDAGEM LTDA,5607740000104,3.4,4.505552130427524,5,2130000,2130000,0.0,0.0,46.25,4,Bom
PERFIX IND E COM DE FERAGENS LTDA,11111793000132,7.0,0.0,1,899930,845000,0.0,0.0,84.5,3,Médio
PETER COMERCIO DE TINTAS EIRELI,31957249000113,2.0,0.0,1,1315000,1315000,0.0,0.0,263.0,4,Bom
PNEULANDIA COMERCIAL LTDA-RVD,1536085003610,52.5,68.58935777509511,2,5986000,5986000,0.0,0.0,1024.0,3,Médio
PODIUM COM DE PROD AUTOMOTIVOS LTDA GO,7347634000164,2.0,1.4142135623730951,2,4602090,4593090,0.0,0.0,25.711166666666667,4,Bom
POLICORDAS INDUSTRIA E COMERCIO LTDA-ME,17050546000150,8.8,4.43846820423443,5,21235910,21235910,0.0,0.0,1.0623793103448276,3,Médio
POLIPECAS DISTRIBUIDORA AUTOMOTIVA LTDA,2222289000119,1.0,0.0,1,2661500,2659000,0.0,0.0,2659.0,4,Bom
POLIPLASTICO INDUSTRIA E COMERCIO DE PLASTICOS LTDA EPP,65673386000148,4.0,0.0,1,2846900,2846900,0.0,0.0,2.9085,4,Bom
POLISUL IND E COM DE LONAS PLASTICAS LTDA,36850113000123,5.0,1.4142135623730951,2,15297200,15297200,0.0,0.0,7.307571428571428,4,Bom
POP BUY COMERCIO DE ARTIGOS PARA PROTECAO,36718469000108,3.0,1.7320508075688772,3,2417200,2417200,0.0,0.0,37.18666666666667,4,Bom
POSITEC IMPORTACAO DE FERRAMENTAS LTDA,17835389000198,10.5,3.5355339059327378,2,23469410,22116330,0.0,0.0,396.88461538461536,3,Médio
PRO-SAFETY INDUSTRIA E COMERCIO DE EQUIPAMENTOS DE,8025426000292,9.88888888888889,1.90029237516523,9,34778320,33385560,0.0,0.0,10.007777777777777,4,Bom
PUMA DO BRASIL LTDA,76751072000132,17.0,5.656854249492381,2,2483840,2483840,0.0,0.0,1241.92,3,Médio
RA FERRAGENS DISTRIBUIDORA E IMPORTADORA LTDA ME,49236253000158,7.0,0.0,1,7994250,7994250,0.0,0.0,13.21175,3,Médio
RAINHA DA BORRACHA LTDA,37886462000168,1.3333333333333333,0.816496580927726,6,11904500,11948500,44000.0,0.003682470603004253,427.1818181818182,4,Bom
RBL IMPORTADORA E SERVICO CENTRO NORTE EIRELI,39687166000163,1.25,0.4629100498862757,8,25169080,25169080,0.0,0.0,116.29349206349205,4,Bom
RCC COMERCIAL IMPORTADORA LTDA.,6999070000181,1.0,0.0,1,1015390,928480,0.0,0.0,36.51333333333333,4,Bom
REINO DA BORRACHA LTDA,4451758000105,1.1666666666666667,0.408248290463863,6,6155000,6155000,0.0,0.0,76.0,4,Bom
RENATA BORGES TRINDADE - D'CASA - ME,17996670000102,17.0,0.0,1,69990,77800,7810.0,0.10038560411182025,77.8,4,Bom
REVISORA GOIANA LTDA,18814934000122,8.0,0.0,1,1070030,1070030,0.0,0.0,267.5075,3,Médio
RG COMPRESSORES LTDA,57015900000120,5.0,0.0,1,100000,100000,0.0,0.0,50.0,4,Bom
RHINO FABRICACAO E ATACADO DE EPI'S LTDA,11803981000121,10.0,0.0,1,7580000,7580000,0.0,0.0,37.9,3,Médio
RIO DIESEL PECAS E SERVIÃOS LTDA,17994551000110,0.0,0.0,1,200800,251000,50200.0,0.19999999999920318,83.66666666666667,5,Ótimo / Recomendado
RIO VERDE MANGUEIRAS,5279652000120,6.0,3.391164991562634,5,1625660,1888680,263020.0,0.1392612830124006,132.14981818181818,5,Ótimo / Recomendado
RIOFER INDUSTRIAL LTDA,3047504000155,3.25,3.4948942350643053,8,8613650,8545730,0.0,0.0,50.705714285714286,4,Bom
ROBERT BOSCH LIMITADA,45990181003285,8.5,2.173067468400883,10,61519200,59328570,0.0,0.0,423.24732352941174,4,Bom
ROBUSTEC INDUSTRIA E COMERCIO LTDA,4684648000851,7.833333333333333,1.7224014243685086,6,41199110,41114380,0.0,0.0,64.51153846153845,4,Bom
RONDO FOX BATERIAS LTDA,3430685000102,4.166666666666667,0.752772652709081,6,3475000,3475000,0.0,0.0,412.5,4,Bom
RRC VIGARIO,8854720000126,1.0,0.0,1,320000,320000,0.0,0.0,320.0,4,Bom
S DE S LTDA,34639741000139,1.0,0.0,1,3040000,3040000,0.0,0.0,169.0,4,Bom
SALES IND COM DE MAQUINAS LTDA,66826918000100,9.0,0.0,1,2716040,2716040,0.0,0.0,2716.04,3,Médio
SAN HO COMERCIO IMPORTACAO E EXPORTACAO LTDA - ME,17328359000195,3.1052631578947367,3.6801983165480103,19,61303650,60824670,0.0,0.0,13.62643119266055,5,Ótimo / Recomendado
SANTA MONICA PROD QUIM CATANDUVA LTDA,69300028000140,3.0,0.7745966692414835,11,48465540,46940000,0.0,0.0,96.1826923076923,5,Ótimo / Recomendado
SAUBER PARTS IMPORTACAO EXPORTACAO LTDA,50840283000158,1.0,0.0,1,1256480,1179790,0.0,0.0,11.798,4,Bom
SCHWEERS METALURGICA EIRELI,81311276000192,7.0,1.7320508075688772,3,8362720,8127400,0.0,0.0,12.251411764705882,3,Médio
SEABRA LUBRIFICANTES EIRELI - ME,20599526000147,1.0,0.0,1,998000,998000,0.0,0.0,499.0,4,Bom
SENDAS DISTRIBUIDORA S/A,6057223037253,0.0,0.0,1,701100,701100,0.0,0.0,18.45,4,Bom
SFERA ROLAMENTOS E PECAS LTDA SFERAROL,12128094000168,2.393939393939394,4.227435643651139,33,43016830,42941470,0.0,0.0,11.74678313253012,5,Ótimo / Recomendado
SFERAROL ROLAMENTOS E PECAS LTDA,12128439000154,1.0,0.0,1,367120,367120,0.0,0.0,12.237,4,Bom
"SIGMA TOOLS COMERCIO DE MAQUINAS, EQUIPAMENTOS E A",13031956000100,5.666666666666667,4.618802153517007,3,16965740,16262440,0.0,0.0,493.73466666666667,3,Médio
"SIGMA TOOLS COMERCIO DE MAQUINAS, EQUIPAMENTOS E ACESSORIOS",13031956000283,8.0,0.0,1,1216110,1156000,0.0,0.0,289.0,3,Médio
SIVA IND. E COM. DE ARTEFATOS DE ARAME E ACO LTDA,62576749000139,14.0,0.0,1,5362190,4885820,0.0,0.0,48.858,3,Médio
SKY IND E COM PROD DESCARTAVEIS LTDA,2491464000173,7.0,1.4142135623730951,2,5280000,5280000,0.0,0.0,2.2,3,Médio
SM INDUSTRIA E COMERCIO LTDA,59258939000101,7.0,0.0,1,9267170,9076000,0.0,0.0,48.80833333333334,3,Médio
SMART PURIFICADORES E ELETRODOMESTICOS LTDA,21607311000193,1.0,0.0,1,140000,140000,0.0,0.0,140.0,4,Bom
SNAP-ON DO BRASIL COM E IND LTDA,60395175000177,9.666666666666666,2.3094010767585034,3,7420830,7196160,0.0,0.0,9.476363636363637,3,Médio
SO CARDAN LTDA,5074488000115,14.714285714285714,7.476948702830714,7,1635000,1800000,165000.0,0.09166666666661574,80.88235294117646,4,Bom
SOMAFERTIL LTDA,2705481001219,4.625,3.7392703642746747,8,19743230,26665400,6922170.0,0.2595937057010111,442.7128205128205,5,Ótimo / Recomendado
SOUSA COMERCIO DE PRODUTOS AUTOMOTIVOS LTDA,8296100000380,1.625,1.02469507659596,16,99004110,99004110,0.0,0.0,107.50769565217391,5,Ótimo / Recomendado
SOUSA E PEREIRA LTDA ME,8847035000172,2.5,3.5355339059327378,2,770700,842030,71330.0,0.08471194613008479,62.34888888888889,5,Ótimo / Recomendado
SP PARTS IMPORTACAO E EXPORTACAO LTDA,41598551000186,4.103448275862069,7.6734459924479035,29,34056660,32368680,0.0,0.0,11.025009615384617,5,Ótimo / Recomendado
STILEX ABRASIVOS LTDA,48200612000154,16.0,2.8284271247461903,2,13049460,13049460,0.0,0.0,12.185384615384615,3,Médio
SUECA ROLAMENTOS E SOLUCOES INDUSTRIAIS LTDA,2410500000712,1.3076923076923077,0.6304251719561152,13,48805910,48805910,0.0,0.0,98.82970588235294,5,Ótimo / Recomendado
SUPER TORK COLUMBIA COM DE FERRAMENTAS ELETRICAS,8188029000150,9.0,0.0,1,3138380,3138380,0.0,0.0,110.86500000000001,3,Médio
SUPREMA DISTRIBUIDORA DE VEDACOES E COMP HIDR LTDA,13213895000194,1.0,0.0,6,3151560,3151560,0.0,0.0,6.091081081081081,4,Bom
TECIDOS E ARMARINHOS MIGUEL BARTOLOMEU SA,17359233000935,6.0,0.0,2,19342300,19313740,0.0,0.0,25.04360759493671,3,Médio
TELESEG TELECOM E SISTEMAS DE SEGURANCA LTDA,5471368000151,1.0,0.0,1,1500000,1500000,0.0,0.0,1500.0,4,Bom
THE BLACK PARTICIPACOES LTDA,42671051000276,4.0,0.0,1,366660,378000,11340.0,0.029999999999920635,378.0,4,Bom
THE FLEX DISTRIBUIDORA DE CONEXOES PARA FREIOS,52338667000100,1.0,0.0,29,52691250,52691250,0.0,0.0,12.351007751937985,5,Ótimo / Recomendado
TIAGO DA SILVA LEAO 51265655,51265655000122,2.0,0.0,1,1750000,1750000,0.0,0.0,60.345,4,Bom
TOLEAGRI - TOLEDO PECAS AGRICOLAS LTDA,5797586000342,9.0,0.0,1,1899180,1818180,0.0,0.0,61.625,3,Médio
TOLEAGRI - TOLEDO PECAS AGRICOLAS LTDA - EPP,5797586000180,5.0,4.242640687119285,2,2490840,2469610,0.0,0.0,176.39285714285714,4,Bom
TORNOTEC USINAGEM LTDA-ME,12600694000187,21.0,14.142135623730951,2,800000,800000,0.0,0.0,400.0,3,Médio
TRACTORTEM DIST E IMP DE PECAS PARA TRATORES LTDA,7852006000136,2.2,1.3038404810405297,5,2806330,2781700,0.0,0.0,27.522166666666667,4,Bom
V.S.A. VASSOURAS SANTO ANTONIO LTDA,25320544000161,0.5,0.7071067811865476,2,1048000,1048000,0.0,0.0,21.8335,4,Bom
VA IMPORTACAO E DISTRIBUICAO EIRELI,15183044000171,12.0,0.0,1,10841960,10841960,0.0,0.0,1027.542,3,Médio
VALFOR TRATORES COMERCIO DE PECAS LTDA - ME,5308790000190,65.33333333333333,26.025628394590846,3,617980,617980,0.0,0.0,26.532,3,Médio
VALK TUBOS ACESSRIOS E MONTAGENS INDUS LTDA,18310960000113,1.0,0.0,1,724000,724000,0.0,0.0,362.0,4,Bom
VAMOS MAQUINAS E EQUIPAMENTOS,57213191000197,0.0,0.0,1,1500000,1500000,0.0,0.0,750.0,4,Bom
VANUSA MENDES DOS SANTOS LTDA,48787508000108,15.0,6.928203230275509,3,555000,623150,68150.0,0.10936371660096388,155.7875,4,Bom
VASSOURAS SANTO ANTONIO,25320544000161,4.5,4.949747468305833,2,930000,930000,0.0,0.0,11.25,4,Bom
VEDACIL COMPONENTES HIDRAULICOS LTDA,7009443000192,1.0,0.0,4,16504530,16504530,0.0,0.0,13.561891891891893,4,Bom
VENILTON FERREIRA RODRIGUES E CIA LTDA,3482177000160,1.0,1.0,3,79000,81170,1420.75,0.017503387950997866,618.3666666666667,5,Ótimo / Recomendado
VIRTUAL DISTRI DE MAT ELETRICOS EIRELI,28552686000142,13.0,0.0,1,2529670,2409200,0.0,0.0,14.245000000000001,3,Médio
VR COMERCIO DE MADEIRAS EIRELI,42723506000179,3.0,0.0,1,318000,318000,0.0,0.0,39.75,4,Bom
WB COMPONENTES AUTOMOTIVOS LTDA,8528393000112,1.2105263157894737,1.2977713690461004,38,87518990,87368990,0.0,0.0,82.49306363636363,5,Ótimo / Recomendado
WELLINGTON JUNIO DA COSTA SILVA,59084323000153,1.0,0.0,1,1525700,1525700,0.0,0.0,10.6525,4,Bom
WESLEY ROCHA,12100000001,1.0,0.0,1,2080000,2080000,0.0,0.0,18.575,4,Bom
WMS SUPERMERCADOS DO BRASIL LTDA,93209765055957,5.0,0.0,1,646350,646350,0.0,0.0,31.50142857142857,4,Bom
WURTH DO BRASIL PECAS DE FIXACAO LTDA,43648971000155,6.285714285714286,1.815682598006407,14,32360290,31170780,0.0,0.0,36.22158928571428,5,Ótimo / Recomendado
