RAZAO_FORNECEDOR,avg_lead_time,std_lead_time,recurrence,total_spent,total_products_value,total_discount,discount_rate,avg_item_price,score,rating,classificacao
1 - PETROLUBI COMERCIO DE LUBRIFICANTES LTDA,4.0,0.0,1,1899.0,1899.0,0.0,0.0,156.20825,0.39255813956949703,2,Ruim / Não recomendado
2E3P COMERCIAL LTDA,4.0,0.0,1,1367.8,1367.8,0.0,0.0,1367.8,0.39255813956949703,2,Ruim / Não recomendado
A A DISTRIBUIDORA DE LUBRIFICANTES LTDA - ME,1.2857142857142858,0.48795003647426666,7,23820.3,23760.3,0.0,0.0,63.4465,0.4057160815046377,4,Bom
A.CAMARGO E CIA LTDA,2.3,2.359378449224852,10,16869.08,16869.08,0.0,0.0,131.93416666666667,0.40788309235983844,4,Bom
A.L. DUARTE ARAMADOS ME,7.0,0.0,1,1290.0,1290.0,0.0,0.0,43.0,0.3869767442466198,1,Ruim / Não recomendado
ABECOM ROLAMENTOS E PRODUTOS DE BORRACHA LTDA,7.0,0.0,1,710.85,710.85,0.0,0.0,47.39,0.3869767442466198,1,Ruim / Não recomendado
ACCESS TECNOLOGIA DIGITAL LTDA ME,5.0,0.0,1,174.52,156.0,0.0,0.0,78.0,0.3906976744618713,2,Ruim / Não recomendado
ACOS YAMADA COMERCIO DE FERROS LTDA,1.0,0.0,1,366.0,366.0,11.9,0.032513661113350655,183.0,0.42573092859625267,5,Ótimo / Recomendado
ACOVERDE COMERCIO DE FERRO E ACO LTDA,0.0,0.0,1,430.0,430.0,0.0,0.0,430.0,0.4,3,Médio
ADALBERTO BENTO DA SILVA,0.09090909090909091,0.30151134457776363,11,43475.66,43475.66,0.0,0.0,3952.3327272727274,0.41334438026103953,5,Ótimo / Recomendado
ADAUTO MARGONATO - ME,4.0,0.0,1,2793.0,2652.8,0.0,0.0,20.483076923076926,0.39255813956949703,2,Ruim / Não recomendado
ADVANZ COMMERCE LTDA,38.0,0.0,1,1040.0,1040.0,0.0,0.0,104.0,0.32930232591022174,1,Ruim / Não recomendado
AEROFLEX INDUSTRIA DE AEROSOL LTDA,15.0,0.0,1,3766.76,3398.64,0.0,0.0,9.22,0.3720930233856139,1,Ruim / Não recomendado
AEV IMPORTS LTDA,4.0,0.0,1,469.9,469.9,0.0,0.0,469.9,0.39255813956949703,2,Ruim / Não recomendado
AFA DO BRASIL EIRELI,1.0,1.4142135623730951,2,296.49,296.19,0.0,0.0,59.149,0.39949088623763845,3,Médio
AG COMERCIO DE FERRAMANETAS E FERRAGENS,2.125,3.7036018504513506,16,15840.47,15840.47,0.0,0.0,978.510625,0.41631678182525805,5,Ótimo / Recomendado
AG COMERCIO DE FERRAMENTAS E FERRAGENS LTDA - ME,1.5,0.7071067811865476,2,950.0,950.0,0.0,0.0,139.25,0.39856065368382565,3,Médio
AGRO BOMBAS COMERCIO E INDUSTRIA LTDA ME,1.0,0.0,1,4147.2,4147.2,0.0,0.0,438.8,0.39813953489237425,3,Médio
AGRO MOTORES MANUTENCAO E ALUGUEL DE MAQUINAS LTDA,0.0,0.0,2,406.0,406.0,0.0,0.0,180.5,0.40135135134526423,4,Bom
AGRO SERVICE RIO VERDE LTDA,0.0,0.0,1,80.0,80.0,0.0,0.0,8.0,0.4,3,Médio
AGROQUIMA PRODUTOS AGROPECUARIOS LTDA,1.0,0.0,1,300.0,300.0,0.0,0.0,3.0926666666666667,0.39813953489237425,3,Médio
AGUILERA AUTOPECAS DE GOIAS LTDA,9.851851851851851,24.81578855937006,27,6768.62,6768.62,0.0,0.0,89.81016363636364,0.41680610836100035,5,Ótimo / Recomendado
AGUIPEL PAPEIS E EMBALAGENS LTDA,6.0,0.0,1,7027.61,6806.4,0.0,0.0,7.09,0.3888372093542456,2,Ruim / Não recomendado
AILDO BORGES CABRAL E CIA LTDA,0.0,0.0,1,2195.24,2195.24,0.0,0.0,439.047,0.4,3,Médio
AJEL MATERIAIS ELETRICOS LTDA,2.0,1.4142135623730951,2,45786.36,45786.36,0.0,0.0,107.14517647058823,0.39763042113001273,3,Médio
AJEL MONTAGEM E AUTOMACAO IND LTDA,4.0,0.0,1,2087.88,2087.88,0.0,0.0,10.439,0.39255813956949703,2,Ruim / Não recomendado
ALESSANDRO W. S. PINTO,0.0,0.0,1,1498.0,1498.0,0.0,0.0,74.9,0.4,3,Médio
ALEXANDRE DE BRITO MONTEIRO LUIZ 84320303172,0.3333333333333333,0.48507125007266594,18,8709.0,9087.0,378.0,0.041597887086871586,6.474150684931507,0.45765316976451764,5,Ótimo / Recomendado
ALUMIFORT COMERCIO DE VIDROS E ESQUADRIAS METAICAS LTDA,0.0,0.0,1,2000.0,2000.0,0.0,0.0,1000.0,0.4,3,Médio
ALVORADA COM PRODUTOS AGROPECUARIOS LTDA,0.0,0.0,1,1940.0,1940.0,0.0,0.0,97.0,0.4,3,Médio
AMATOOLS COML. E IMPORTADORA LTDA,5.0,0.0,1,11093.5,11555.4,921.0,0.07970299599497178,52.03929545454546,0.45833437443882086,5,Ótimo / Recomendado
AMAZONAS INDUSTRIA E COMERCIO LTDA,13.6,8.561541917201597,5,14347.0,14347.0,0.0,0.0,31.041625,0.38010307991734665,1,Ruim / Não recomendado
AMAZONIA COMERCIO DE CORREIAS LTDA,8.0,0.0,1,4721.62,4620.0,0.0,0.0,231.0,0.3851162791389941,1,Ruim / Não recomendado
AMEV IMPORTADORA E DISTRIBUIDORA LTDA,6.625,2.481452940446821,24,53591.69,52622.87,0.0,0.0,46.96794444444444,0.4187554996030557,5,Ótimo / Recomendado
ANDERSON RODRIGUES DOS SANTOS,5.0,0.0,1,20160.0,20160.0,0.0,0.0,20.16,0.3906976744618713,2,Ruim / Não recomendado
ANHANGUERA COMERCIO DE FERRAMENTAS,5.0,0.0,1,1553.4,1553.4,0.0,0.0,51.78,0.3906976744618713,2,Ruim / Não recomendado
ANTONIAZZI TELAS E SERVICO DE GUINDASTE,0.0,0.0,1,1200.0,1300.0,100.0,0.07692307686390532,5.633333333333333,0.46527763487681223,5,Ótimo / Recomendado
APEX TOOL GROUP IND. E COM. FERRAM. LTDA,7.105263157894737,2.6224402724287432,19,84227.58,80921.37,0.0,0.0,315.2512325581395,0.41110523002899346,4,Bom
ARAUJO GOUVEIA FERRAMENTAS LTDA,6.0,0.0,1,2295.93,2295.93,0.0,0.0,765.31,0.3888372093542456,2,Ruim / Não recomendado
ARCELORMITTAL BRASIL S.A.,0.0,0.0,1,411.06,411.06,0.0,0.0,51.383,0.4,3,Médio
ARCOM S.A,2.0,1.6733200530681511,6,5413.450000000001,5381.66,0.0,0.0,9.53,0.40303582651106945,4,Bom
ARICOBE REPRESENTAÇOES LTDA,5.0,0.0,1,1000.0,1250.0,250.0,0.19999999983999997,125.0,0.5604195251363608,5,Ótimo / Recomendado
ARVORETA MAQUINAS EIRELI-EPP,1.5,0.7071067811865476,2,10595.96,10595.96,0.0,0.0,210.42375,0.39856065368382565,3,Médio
ASTRO SPORTS,0.0,0.0,1,375.0,375.0,0.0,0.0,2.5,0.4,3,Médio
ATACADAO DISTRIBUICAO COM E IND LTDA,0.0,0.0,1,139.76,139.76,0.0,0.0,139.76,0.4,3,Médio
ATIVA FAST COMERCIO DE ELETROELETRONIC,7.0,0.0,1,509.97,509.97,0.0,0.0,169.99,0.3869767442466198,1,Ruim / Não recomendado
AURORA INDUST.DE TINTAS,3.0,0.0,1,750.58,746.82,0.0,0.0,62.235,0.39441860467712275,2,Ruim / Não recomendado
AUTO ELETRICA OLIVEIRA,0.0,0.0,3,252.0,252.0,0.0,0.0,74.66666666666667,0.4027027026905284,4,Bom
AUTO LATAS PECAS E ACESSORIOS,3.0,0.0,1,365.0,365.0,0.0,0.0,365.0,0.39441860467712275,2,Ruim / Não recomendado
AXIAL ROLAMENTOS E RETENTORES LTDA,0.0,0.0,2,3064.0,3292.8,228.8,0.06948493681077353,141.3,0.4603169117400589,5,Ótimo / Recomendado
BACANAS UNIFORMES,0.0,0.0,1,2430.0,2430.0,0.0,0.0,24.166666666666668,0.4,3,Médio
BAMBOZZI SOLDAS LTDA,10.5,3.5355339059327378,2,3828.0,3828.0,0.0,0.0,712.5,0.38181646771519395,1,Ruim / Não recomendado
BARBOSA E ZANOTTO LTDA - ME,2.0,0.0,1,399.99,399.99,0.0,0.0,399.99,0.3962790697847485,3,Médio
BARIFLEX INDUSTRIA E COMERCIO LTDA,10.142857142857142,4.240049761267192,14,143544.05,139025.5,0.0,0.0,4.720882352941176,0.3986971356825162,3,Médio
BATERAUTO BATERIAS LTDA - ME,0.0,0.0,8,4430.0,4430.0,0.0,0.0,415.0,0.4094594594168493,4,Bom
BATERFOX AUTO ELETRICA LTDA,6.857142857142857,12.1164980010531,7,5280.0,5280.0,0.0,0.0,540.0,0.3953506330478657,2,Ruim / Não recomendado
BAZAR E CUTELARIA ESSENCIAL LTDA,4.0,0.0,1,2547.4,2547.4,0.0,0.0,42.457,0.39255813956949703,2,Ruim / Não recomendado
BAZAR VIENENSE LTDA,0.0,0.0,1,1760.0,1760.0,0.0,0.0,220.0,0.4,3,Médio
BCR COMERCIO E INDUSTRIA SA,5.961538461538462,1.948964221955226,26,61967.06,60513.95,0.0,0.0,45.507844594594594,0.4226925493361434,5,Ótimo / Recomendado
BELGO BEKAERT ARAMES LTDA,20.0,0.0,1,8504.95,8237.24,0.0,0.0,15.69,0.36279069784748513,1,Ruim / Não recomendado
BELMICRO TECNOLOGIA S/A,12.0,0.0,1,827.97,777.44,0.0,0.0,777.437,0.37767441870849106,1,Ruim / Não recomendado
BERLINER DO BRASIL MOTORES LTDA,7.666666666666667,3.651483716701107,12,106821.56,103074.36,0.0,0.0,417.80185135135133,0.4006012989727753,4,Bom
BIANATO IRRIGACAO E MANEJO DE DEJETOS LTDA,0.9,1.5951314818673865,10,5150.45,5742.08,591.63,0.1030340921577139,172.53968749999999,0.4979234275983286,5,Ótimo / Recomendado
BIASI CONSTRUCOES E LOCAÇOES EIRELLI,0.0,0.0,1,1400.0,1400.0,0.0,0.0,700.0,0.4,3,Médio
BLACK & DECKER DO BRASIL LTDA,5.809523809523809,1.990453406112477,21,64272.12,62742.85,0.0,0.0,113.85975925925925,0.4162186105657437,5,Ótimo / Recomendado
BLACK PRIME SUDESTE PRODUTOS INDUSTRIAIS E AUTOMOTIVOS LTDA,7.0,1.0,3,5158.299999999999,4773.6,0.0,0.0,53.04,0.3896794469371482,2,Ruim / Não recomendado
BODIPASA BOMBAS DIESEL PAULISTA LTDA,3.5,2.1213203435596424,2,2000.48,2000.48,0.0,0.0,1000.24,0.39483972346857416,2,Ruim / Não recomendado
BOM PLASTICO INDUSTRIA E COMERCIO LTDA,4.0,0.0,1,720.0,720.0,0.0,0.0,9.0,0.39255813956949703,2,Ruim / Não recomendado
BORGES E SOARES,0.0,0.0,2,680.0,730.0,50.0,0.06849315059110528,205.724,0.45947527277600786,5,Ótimo / Recomendado
BORRACHAS RIBEIRAO EIRELI EPP,1.0,0.0,1,7107.26,7107.26,0.0,0.0,20.279,0.39813953489237425,3,Médio
BR BRASIL INDUSTRIA DE AEROSSOIS LTDA,9.5,2.1213203435596424,2,7392.03,7351.84,0.0,0.0,5.73625,0.38367693282281967,1,Ruim / Não recomendado
BRAMAIS DISTRIBUIDORA LTDA - ME,5.0,0.0,1,3710.17,3540.4,0.0,0.0,136.275,0.3906976744618713,2,Ruim / Não recomendado
BRASCAMP EQUIPAMENTOS DE PROTECAO DO TRABALHO LTDA,7.0,0.0,1,4333.5,4333.5,0.0,0.0,31.291666666666668,0.3869767442466198,1,Ruim / Não recomendado
BRASIL CHASSIS E EIXOS EIRELI-ME,5.0,0.0,1,570.0,688.08,118.08,0.17160795231425421,114.68,0.5363257708645477,5,Ótimo / Recomendado
BRASIL MANGUEIRAS E PARAFUSOS LTDA,0.0,0.0,5,692.73,806.01,113.28,0.1405441618087317,100.11460000000001,0.5246724816948347,5,Ótimo / Recomendado
BREMEN IMPORTADORA DE EQUIPAMENTOS PARA LUBRIFICAC,10.75,4.891683905218266,8,72855.78,70254.93,0.0,0.0,157.3355731707317,0.38945945950987254,2,Ruim / Não recomendado
BRUNO DE PADUA DIAS PAIAO ESTOPA,5.833333333333333,2.48327740429189,6,26255.0,26255.0,0.0,0.0,56.11333333333334,0.3959040435985041,3,Médio
BSB PRODUTORA DE EQUIPAMENTOS DE PROTECAO INDIVIDUAL SA,6.0,0.0,1,7819.56,7819.56,0.0,0.0,44.94,0.3888372093542456,2,Ruim / Não recomendado
C & E MATERIAIS PARA CONSTRUCAO LTDA,16.0,0.0,1,1897.0,1897.0,0.0,0.0,474.25,0.3702325582779881,1,Ruim / Não recomendado
C&M MANUTENCAO E ALUGUEL,0.0,0.0,5,2624.0,2624.0,0.0,0.0,287.6,0.40540540538105674,4,Bom
CABRAL E MAIA LTDA,0.0,0.0,1,240.0,240.0,0.0,0.0,24.0,0.4,3,Médio
CAFE DO VOVO LTDA,5.923076923076923,8.87375849026723,13,3270.0,3270.0,0.0,0.0,50.30769230769231,0.4051965381980024,4,Bom
CAIADO PNEUS LTDA,36.0,0.0,1,2800.0,2800.0,0.0,0.0,350.0,0.33302325612547323,1,Ruim / Não recomendado
CARBOGRAFITE EQUIPAMENTOS INDUSTRIAIS LTDA,7.0,0.0,1,12961.65,12855.64,0.0,0.0,151.40933333333334,0.3869767442466198,1,Ruim / Não recomendado
CARBONPECAS LTDA,11.0,0.0,1,3820.3,3635.3,0.0,0.0,5.838347826086957,0.37953488381611683,1,Ruim / Não recomendado
CARBOSTORM DO BRASIL LTDA,17.0,0.0,1,2504.2,2379.0,0.0,0.0,16.15625,0.3683720931703624,1,Ruim / Não recomendado
CARGILL AGRICOLA S/A,0.0,0.0,1,800.0,800.0,0.0,0.0,800.0,0.4,3,Médio
CARMEM LUCIA DE SOUZA LUVAS,7.0,0.0,1,3476.0,3476.0,0.0,0.0,8.690000000000001,0.3869767442466198,1,Ruim / Não recomendado
CARVALHO IND COM DE PECAS E MAQUINAS AGRICOLAS LTDA,8.0,0.0,1,3329.93,3450.7,345.07,0.09999999997102038,3450.704,0.46997720451953523,5,Ótimo / Recomendado
CASA DAS CORREIAS E BORRACHAS DIVINOPOLIS LTDA,7.2,2.7748873851023217,5,31712.03,30687.95,0.0,0.0,79.54241176470589,0.3920100566061514,2,Ruim / Não recomendado
CASA DAS CORRENTES LTDA FILIAL,2.3636363636363638,2.8380531098880892,11,19742.82,17861.12,0.0,0.0,242.23485714285712,0.409116050470981,4,Bom
CASA DAS LONAS,0.0,0.0,1,720.0,720.0,0.0,0.0,720.0,0.4,3,Médio
CASA DOS MOTORES LTDA,38.0,0.0,1,2338.0,3616.5,1278.5,0.353518595229222,3616.5,0.6293014773009677,5,Ótimo / Recomendado
"CASTRO, CASTRO JUNIOR & GUIDOTI LTDA - ME",2.0,0.0,1,135.6,135.6,0.0,0.0,33.9,0.3962790697847485,3,Médio
CATRAL REFRIGERACAO E ELETRODOMESTICOS LTDA,1.0,0.0,1,2579.0,2579.0,0.0,0.0,2579.0,0.39813953489237425,3,Médio
CENTRALSUL INDUSTRIA E COMERCIO LTDA,8.0,0.0,1,3298.53,3006.48,0.0,0.0,14.725913043478261,0.3851162791389941,1,Ruim / Não recomendado
CENTRALSUL LTDA,5.4,1.9493588689617927,5,22767.64,20066.440000000002,0.0,0.0,15.00098064516129,0.3953588937998777,2,Ruim / Não recomendado
CESER DIOGO SABINO EPIS CGS,11.0,0.0,1,2190.0,2190.0,0.0,0.0,14.333333333333334,0.37953488381611683,1,Ruim / Não recomendado
CG LISITA COMERCIO IMPORTACAO E EXP,1.0,0.0,3,10225.0,10225.0,0.0,0.0,44.81818181818182,0.4008422375829026,4,Bom
CGF REPRESENTACOES LTDA,2.0,0.0,1,2980.0,2980.0,0.0,0.0,2980.0,0.3962790697847485,3,Médio
CGS DISTRIBUIDORA DE EPIS LTDA,5.0,1.4142135623730951,2,5755.0,5755.0,0.0,0.0,39.5,0.3920490258071355,2,Ruim / Não recomendado
CH DISTRIBUICAO E REPRESENTCAO,2.0,0.0,2,6865.55,6845.25,0.0,0.0,11.123083333333334,0.39763042113001273,3,Médio
CHAPEUS IDEAL,0.0,0.0,1,1962.9,1962.9,0.0,0.0,34.4,0.4,3,Médio
CHIAPERINI INDUSTRIAL LTDA,7.666666666666667,4.041451884327381,3,11900.22,11876.08,0.0,0.0,786.8671428571428,0.38843913686539766,2,Ruim / Não recomendado
CHURRASQUEIRA PATINI LTDA ME,3.25,3.862210075418823,4,5085.0,5085.0,0.0,0.0,90.38461538461539,0.3980075424360089,3,Médio
CIA INDUSTRIAL H. CARLOS SCHNEIDER,8.555555555555555,4.362084109434134,9,138369.03,124329.2,0.0,0.0,146.45975726495726,0.3948934981746488,2,Ruim / Não recomendado
CICLONE HIGIENIZACAO E LIMPEZA LTDA,2.5,3.0,4,1430.2,1430.6399999999999,0.44,0.0003075546606361107,47.263999999999996,0.39966388499787064,3,Médio
CIKALA COMERCIO E SERVIÇOS EIRELI,4.0,0.8164965809277259,4,2621.3999999999996,2592.77,0.0,0.0,249.0225,0.3966121936052896,3,Médio
CLCFIX INDUSTRIA E COMERCIO F LTDA,8.0,0.0,1,2307.56,2307.56,0.0,0.0,10.081642857142857,0.3851162791389941,1,Ruim / Não recomendado
CLEISON VITOR DE ANDRADE 08405656669,2.0,0.0,1,177.0,177.0,0.0,0.0,59.0,0.3962790697847485,3,Médio
COBRA CONEXOES BRASIL IND METALURGICA LTDA,5.0,0.0,1,6895.68,6678.6,0.0,0.0,5.264166666666667,0.3906976744618713,2,Ruim / Não recomendado
COBRA ENGENHARIA IND E COM LTDA,0.75,1.5,4,1373.15,1422.51,49.36,0.03469922880352389,148.959,0.4321047918761883,5,Ótimo / Recomendado
COE COELHO E CIA LTDA.,2.111111111111111,1.6914819275153699,9,10354.0,10354.19,0.19,1.8350059249603293e-05,238.69899999999998,0.4068987342316619,4,Bom
COED LTDA,1.0,0.0,1,1140.0,1140.0,0.0,0.0,95.0,0.39813953489237425,3,Médio
COFER IMPORTADORA E DISTRIBUIDORA LTDA,4.0,2.0207259421636903,25,34383.7,32786.08,0.0,0.0,27.07961194029851,0.42499057185583744,5,Ótimo / Recomendado
COLSON DO BRASIL LTDA.,12.4,5.941380311005179,5,32839.06,30250.0,0.0,0.0,24.163835616438355,0.3823356380464975,1,Ruim / Não recomendado
COM. DE ROLAMENTOS PEC. E RE,4.25,6.21373197975895,44,9501.0,10474.11,973.11,0.09290622304970005,44.78080898876405,0.5290422117778835,5,Ótimo / Recomendado
COMERCIAL HIDRAULICA EIRELI,0.0,0.0,1,51.0,51.0,0.0,0.0,25.5,0.4,3,Médio
COMERCIAL SOUZA INDUSTRIA E COM DE ESTOPAS LTDA,2.6666666666666665,2.8867513459481287,3,3695.0,3695.0,0.0,0.0,140.85,0.3977414624035264,3,Médio
COMERCIAL TEM DE TUDO EIRELI,0.0,0.0,4,2051.62,2051.62,0.0,0.0,271.7066,0.4040540540357926,4,Bom
COMERCIAL VIPASA EIRELI,1.0,0.0,6,17405.66,17405.66,0.0,0.0,21.69630769230769,0.40489629161869517,4,Bom
COMERCIO DE TINTAS M E M LTDA,4.333333333333333,5.573747990954262,6,4303.05,4382.34,99.28999999999999,0.022656845424440627,52.4590612244898,0.4179215499547337,5,Ótimo / Recomendado
CONDOR ATACADISTA DE MATERIAIS PARA CONSTRUCAO S/A,3.2058823529411766,2.3712854430469603,34,103845.42,103054.98,0.0,0.0,21.06908108108108,0.4386301621369179,5,Ótimo / Recomendado
CONDOR EQUIPAMENTOS INDUSTRIAIS LTD,8.0,1.4142135623730951,2,14006.36,13279.5,0.0,0.0,72.351,0.3864676304842583,1,Ruim / Não recomendado
CONECFIT IMPORTACAO EXPORTACAO LTDA,7.0,1.4142135623730951,2,6935.66,6824.37,0.0,0.0,3.5490357142857145,0.388328095591884,2,Ruim / Não recomendado
CONEXAO PRIMEIRA TECNOLOGIA EM USINAGEM EIRELI,14.5,9.192388155425117,2,16075.150000000001,16075.150000000001,0.0,0.0,7.621617647058823,0.37437460728469096,1,Ruim / Não recomendado
CONSTRULAR COMERCIAL LTDA,0.0,0.0,1,180.0,207.16,27.16,0.13110639056233642,69.053,0.5112580962964673,5,Ótimo / Recomendado
CONTROLTECH MANGUEIRAS LTDA,0.0,0.0,1,280.0,280.0,0.0,0.0,2.8,0.4,3,Médio
CORDAS MONTIBELLER LTDA,2.0,0.0,1,12883.95,12883.95,0.0,0.0,13.161833333333334,0.3962790697847485,3,Médio
CORREIAS SCHNEIDER LTDA,12.0,0.0,1,118.22,111.0,0.0,0.0,111.0,0.37767441870849106,1,Ruim / Não recomendado
CORTE E DOBRA GOIAS LTDA,1.0,0.0,1,142.88,142.88,0.0,0.0,142.88,0.39813953489237425,3,Médio
CSM COMPONENTES SISTEMAS E MAQUINAS P/ CONSTRUCAO LTDA,8.0,0.0,1,15850.0,15850.0,0.0,0.0,15850.0,0.3851162791389941,1,Ruim / Não recomendado
D ROCHA MATERIAIS DE CONSTRUCOES UNIPESSOAL LTDA ME,0.0,0.0,2,1800.0,1800.0,0.0,0.0,138.2916,0.40135135134526423,4,Bom
DACARI ACESSORIOS LTDA,1.3636363636363635,1.8040358795061298,11,2253.05,2253.05,0.0,0.0,52.299214285714285,0.41097651557860676,4,Bom
DAISAN PRODUTOS INDUSTRIAIS LTDA,12.484848484848484,11.90619904745321,33,94977.95,89721.92,0.0,0.0,213.3722,0.4200156180683991,5,Ótimo / Recomendado
DAL'S INDUSTRIA E COMERCIO LTDA - ME,11.666666666666666,1.1547005383792517,3,26230.95,26230.95,0.0,0.0,36.727037037037036,0.3809972764348947,1,Ruim / Não recomendado
DECORLUMI E-COMMERCE LTDA,4.0,0.0,1,3540.67,3540.67,0.0,0.0,147.528,0.39255813956949703,2,Ruim / Não recomendado
DELTATOP COMERCIO ELETRONICO EIRELI,10.0,0.0,1,971.0,924.4,0.0,0.0,46.22,0.3813953489237426,1,Ruim / Não recomendado
DENIS MARCELO VIEIRA DE SOUZA,1.3898305084745763,1.0341904905660868,59,111931.45,112095.48,164.03,0.0014633061029627307,9.688213362068966,0.47703442195927587,5,Ótimo / Recomendado
DENVER SOLDAS S.A,4.0,0.0,1,19372.99,18190.6,0.0,0.0,48.344166666666666,0.39255813956949703,2,Ruim / Não recomendado
DGOIAS DISTRIBUIDORA DE TINTAS,1.5217391304347827,1.0695612898085853,46,213102.43,214833.52,1731.09,0.008057820772065467,27.536092009685227,0.4648176092564674,5,Ótimo / Recomendado
DINIZ VEDACOES INDUSTRIAIS LTDA,4.0,0.0,1,4194.0,3938.03,0.0,0.0,787.606,0.39255813956949703,2,Ruim / Não recomendado
DISEL DISTRIBUIDORA LTDA,9.0,7.0710678118654755,2,7078.860000000001,7078.860000000001,0.0,0.0,402.13800000000003,0.38460716537663253,1,Ruim / Não recomendado
DISNAROL DIST.NAC. ROL LTDA,2.0,1.7320508075688772,3,4701.53,4701.53,0.0,0.0,148.69428571428574,0.3989817724752769,3,Médio
DISTRIBUIDORA CUMMINS CENTRO OESTE LTDA,2.0,0.0,1,9471.8,12785.23,3313.43,0.259160765957346,3894.94,0.6162052940631846,5,Ótimo / Recomendado
DISTRIBUIDORA DE RADIADORES SAO LUCAS,73.2,163.6801759529846,5,1150.0,1150.0,0.0,0.0,230.0,0.2692193595028523,1,Ruim / Não recomendado
DLS DISTRIBUICAO E COMERCIO DE COMPONENTES INDUSTR,1.0,0.0,2,2824.2,2824.2,0.0,0.0,840.9599999999999,0.39949088623763845,3,Médio
DM DISTRIBUICAO E SERVICOS,1.0,0.0,1,199.98,199.98,0.0,0.0,16.665,0.39813953489237425,3,Médio
DOCOL METAIS SANITARIOS LTDA,12.25,10.384647759597293,12,21811.56,21811.56,0.0,0.0,107.26666666666667,0.3920741672294907,2,Ruim / Não recomendado
DUBESSER EQUIPAMENTOS LABORATORIAIS,4.0,0.0,1,745.52,745.52,0.0,0.0,93.19,0.39255813956949703,2,Ruim / Não recomendado
DUNAX LUBRIFICANTES LTDA GO,2.0,0.0,1,4378.0,4378.0,0.0,0.0,198.95833333333334,0.3962790697847485,3,Médio
DUTRA MAQUINAS COMERCIAL E TECNICA LTDA,5.0,0.0,1,172.51,161.15,0.0,0.0,161.15,0.3906976744618713,2,Ruim / Não recomendado
DVT COMERCIO IMPORTACAO E EXPORTACAO LTDA,6.5,0.7071067811865476,2,2613.6400000000003,2363.5,0.0,0.0,12.41,0.3892583281456969,2,Ruim / Não recomendado
DWD COMPONENTES AUTOMOTIVOS LTDA,3.0,2.8284271247461903,2,5959.719999999999,5959.719999999999,0.0,0.0,28.651439999999997,0.39576995602238696,2,Ruim / Não recomendado
EDMILSON DE SOUZA NOGUEIRA,0.08333333333333333,0.7748982447519326,108,80066.11,80066.11,0.0,0.0,430.4997417218543,0.5444395551842988,5,Ótimo / Recomendado
EDPAR COMERCIO DE PARAFUSOS E FERRAMENTAS LTDA,1.0,0.0,1,480.0,480.0,0.0,0.0,48.0,0.39813953489237425,3,Médio
EDUARDO SOARES SILVA FACAS,0.0,0.0,1,1802.0,1802.0,0.0,0.0,56.5,0.4,3,Médio
ELAINE DO CARMO SOUZA,2.0,0.0,1,110.0,110.0,0.0,0.0,110.0,0.3962790697847485,3,Médio
ELASTICK FABRICACAO DE ARTEFATOS DE BORRACHA EIREL,6.0,2.6457513110645907,3,6753.44,6753.44,0.0,0.0,0.9523999999999999,0.39153991204477395,2,Ruim / Não recomendado
ELCIONE CAETANO DE FARIA OLIVEIRA,1.3333333333333333,0.5773502691896258,3,4402.889999999999,4402.889999999999,0.0,0.0,13.61,0.4002220825470274,4,Bom
ELETRO G,0.0,0.0,1,140.0,140.0,0.0,0.0,70.0,0.4,3,Médio
ELETRO MOTOR RIO,0.0,0.0,1,1500.0,1500.0,0.0,0.0,1500.0,0.4,3,Médio
ELETRO REI DIST MAT ELET HIDRAUL LTDA ME,0.0,0.0,2,195.0,228.25,33.25,0.1456736028667093,15.2,0.5249713188089529,5,Ótimo / Recomendado
ELETROAGIL,0.0,0.0,1,60.0,60.0,0.0,0.0,12.0,0.4,3,Médio
ELI JAINE DE FREITAS SILVA EIRELI - ME,0.0,0.0,1,989.99,989.99,0.0,0.0,494.995,0.4,3,Médio
ELIONAIA FARIA DE LIMA CORREIA,2.6666666666666665,3.3166247903553994,9,436.0,436.0,0.0,0.0,7.377777777777776,0.40584957047511155,4,Bom
ENBGRE E CORS ENGRENAGENS E CORRENTES LTDA,1.0,0.0,1,599.0,599.0,0.0,0.0,29.95,0.39813953489237425,3,Médio
ENERGY CONDUTORES DO BRASIL LTDA,10.0,0.0,1,23298.09,23298.09,0.0,0.0,8.110444444444445,0.3813953489237426,1,Ruim / Não recomendado
ESFERA ESTAMPARIA DE FERRO E ACO LTDA,18.0,0.0,1,2775.0,2775.0,0.0,0.0,185.0,0.3665116280627366,1,Ruim / Não recomendado
ESPIRAL FLEX COMERCIO E DISTRIBUICAO DE PRODUTOS PLASTICOS LTDA,7.0,0.0,1,3805.0,3805.0,0.0,0.0,2.5366666666666666,0.3869767442466198,1,Ruim / Não recomendado
ETILUX IMPE DIST DE ART DE CUTELARIA S.A,9.333333333333334,1.5275252316519465,3,22838.309999999998,21718.440000000002,0.0,0.0,42.76583333333333,0.3853383616860215,1,Ruim / Não recomendado
EVOLUCAO PECAS LTDA,5.0,0.0,1,2490.0,3798.98,1308.98,0.34456090836367637,3798.98,0.6830952498836211,5,Ótimo / Recomendado
EXATRON IND ELETR LTDA,5.5,7.7781745930520225,2,22709.38,21994.56,0.0,0.0,10.91,0.3911187932533226,2,Ruim / Não recomendado
F. DE O. GONDIM - ME,1.5384615384615385,0.8770580193070292,13,34551.3,34551.3,0.0,0.0,26.233333333333334,0.4133539621314383,5,Ótimo / Recomendado
FABIO EMILIO CLEMENTE EIRELI,0.0,0.0,1,30.0,30.0,0.0,0.0,30.0,0.4,3,Médio
FABRICA MINEIRA DE ELETRODOS E SOLDAS DENVER SA,5.0,2.0,3,51797.67,47802.3,0.0,0.0,87.78592592592594,0.39340037715239967,2,Ruim / Não recomendado
FAMA CONFECCAO LTDA,2.0,0.0,1,1247.5,1247.5,0.0,0.0,49.9,0.3962790697847485,3,Médio
FAME - FABRICA DE APARELHOS E MATERIAL ELETRICO LTDA,12.833333333333334,3.0605010483034745,6,27747.83,26979.629999999997,1258.51,0.046646673803656814,17.058323076923077,0.4224655869056211,5,Ótimo / Recomendado
FBT FABRICA BRASILEIRA DE TUBOS,7.0,0.8164965809277259,4,22367.62,22367.62,0.0,0.0,4.533392857142857,0.3910307982824124,2,Ruim / Não recomendado
FEK COMPONENTES ELETRICOS LTDA,9.666666666666666,5.507570547286102,3,7463.5,7463.5,0.0,0.0,4.533333333333333,0.38471820665014617,1,Ruim / Não recomendado
FERMAGRAN GRANITOS EIRELI-ME,5.0,0.0,1,2126.0,2129.26,3.26,0.0015310483447155121,454.0,0.3919969362555969,2,Ruim / Não recomendado
FERNANDO CARLOS TOTOLI,4.0,0.0,1,120.2,120.2,0.0,0.0,120.2,0.39255813956949703,2,Ruim / Não recomendado
FERRAGENS NEGRAO CENTRO-OESTE COM L,2.526315789473684,1.3891812557774845,19,82975.24,82884.89,0.0,0.0,35.04851953125,0.4196242018375955,5,Ótimo / Recomendado
FERRAGENS NEGRAO COM LTDA - CWB,10.0,2.0,3,10443.04,10385.4,0.0,0.0,8.387464285714286,0.38409805161427096,1,Ruim / Não recomendado
FERRAGENS NEGRAO COM LTDA GOIANIA,2.2058823529411766,1.754291910416243,34,252347.87,249396.1,0.0,0.0,52.13612478920742,0.44049062724454363,5,Ótimo / Recomendado
FERRAGISTA CARDOSO LTDA,0.0,0.0,2,818.0,842.0,24.0,0.02850356291151596,47.5,0.4255397386054111,5,Ótimo / Recomendado
FERRAGISTA FENIX EIRELI,0.0,0.0,1,100.0,100.0,0.0,0.0,100.0,0.4,3,Médio
FERRAGISTA MT COMERCIO DE FERRAGENS LTDA,2.5714285714285716,2.29906813420444,7,37813.34,37813.34,0.0,0.0,21.620886075949368,0.4033240549376903,4,Bom
FERRAGISTA SAO JOSE,17.02777777777778,36.348697057498185,36,8129.0,8129.0,0.0,0.0,73.5203043478261,0.41561771066828584,5,Ótimo / Recomendado
FERRAMENTAS GEDORE DO BRASIL LTDA,14.0,0.0,2,16281.77,15476.97,0.0,0.0,87.118,0.3753048398385038,1,Ruim / Não recomendado
FERRAMENTAS GEDORE DO BRASIL S.A.,10.363636363636363,1.9632996344280855,11,24497.66,23286.75,0.0,0.0,150.82323809523808,0.39423232960997506,2,Ruim / Não recomendado
FERRAMENTAS MINASUL INDUSTRIA E COMERCIO LTDA,7.0,0.0,1,2769.72,2660.64,0.0,0.0,38.666666666666664,0.3869767442466198,1,Ruim / Não recomendado
FETZ MINERADORA LTDA,0.0,0.0,1,913.16,913.16,0.0,0.0,74.0,0.4,3,Médio
FLACH INDUSTRIA DE CARREGADORES E EQUIPAMENTOS ELE,7.0,0.0,1,9437.63,8919.63,0.0,0.0,815.61,0.3869767442466198,1,Ruim / Não recomendado
FLAVIANE MILHOMENS LEITE,39.0,0.0,2,16300.0,16300.0,0.0,0.0,3060.0,0.3287932121478602,1,Ruim / Não recomendado
FLEXMEGA COMERCIO DE MANGUEIRAS E CONEXOES LTDA,1.0,0.0,6,9386.380000000001,9924.32,537.94,0.05420421751271582,14.876666666666667,0.45089449220859723,5,Ótimo / Recomendado
FONSECA DISTRIBUIDORA DE FERRO LTDA,0.6,0.8432740427115679,10,3163.42,3558.41,394.99,0.11100182381709758,131.1081,0.5052430579505671,5,Ótimo / Recomendado
FORMULA PRODUTOS AUTOMOTIVOS LTDA,2.533333333333333,1.2550463110729633,60,404668.16,404668.16,0.0,0.0,761.0665158730159,0.47501655109793495,5,Ótimo / Recomendado
FORTLEV INDUS.E COMERC. DE PLASTICO,6.75,4.272001872658765,4,7575.72,7575.72,0.0,0.0,14.818711538461539,0.3914959145593188,2,Ruim / Não recomendado
FORTLEV INDUS.E COMERC. PLASTICO LT,12.5,0.7071067811865476,2,7493.43,7493.43,0.0,0.0,9.0738,0.37809553749994246,1,Ruim / Não recomendado
FOX VARIEDADES LTDA,0.0,0.0,1,50.0,50.0,0.0,0.0,25.0,0.4,3,Médio
FOXLUX LTDA,10.5,7.7781745930520225,2,14606.16,13482.01,0.0,0.0,37.4614375,0.38181646771519395,1,Ruim / Não recomendado
FOZZ TECNOLOGIA EM PLASTICOS LTDA,4.0,0.0,1,6987.4,6987.4,0.0,0.0,8.0715,0.39255813956949703,2,Ruim / Não recomendado
FRATI SUPRIMENTOS INDUSTRIAIS LTDA,10.5,0.7071067811865476,2,15416.06,14756.08,0.0,0.0,85.44125,0.38181646771519395,1,Ruim / Não recomendado
FRICKE SOLDAS LTDA,12.0,2.8284271247461903,2,21620.56,20305.65,0.0,0.0,10152.825,0.37902577005375526,1,Ruim / Não recomendado
FRIGELAR COMERCIO E INDUSTRIA LTDA,2.75,2.362907813126304,4,14919.68,14055.04,0.0,0.0,151.0676,0.3989377749898218,3,Médio
FRIOVIX COMERCIO DE REFRIGERAÇÃO,7.0,0.0,1,506.97,506.97,0.0,0.0,506.97,0.3869767442466198,1,Ruim / Não recomendado
FUNDICAO PIRAI EIRELI,12.666666666666666,5.08592829940284,6,15982.55,15861.68,0.0,0.0,36.031564102564104,0.3831908653630615,1,Ruim / Não recomendado
FUNDIÇÃO SAO CRISTOVAO LTDA EPP,0.0,0.0,1,3292.74,3292.74,0.0,0.0,82.319,0.4,3,Médio
FURACAO PRODUTOS PROFISSIONAIS,0.0,0.0,1,162.0,162.0,0.0,0.0,162.0,0.4,3,Médio
G A SILVA E CIA LTDA,1.0,0.0,1,667.24,667.24,0.0,0.0,2383.0,0.39813953489237425,3,Médio
G.S. CAR INDUSTRIA E COMERCIO DE RODAS E RODIZIOS,13.0,0.0,1,2378.8,2378.8,0.0,0.0,37.529999999999994,0.37581395360086534,1,Ruim / Não recomendado
G5 - CORDAS & CIA LTDA,5.0,0.0,2,5657.85,5657.85,0.0,0.0,1.0860606060606062,0.3920490258071355,2,Ruim / Não recomendado
GARTHEN IND E COM DE MAQUINAS LTDA,9.7,2.359378449224852,10,78489.48,78337.2,0.0,0.0,2455.8235,0.3941156505634079,2,Ruim / Não recomendado
GB COMERCIO E IMPORTACAO LTDA,5.0,0.0,1,539.8,539.8,0.0,0.0,26.99,0.3906976744618713,2,Ruim / Não recomendado
GENESIO MACHADO DA SILVA 51730405134,1.5,0.5773502691896257,4,8218.0,8218.0,0.0,0.0,46.94117647058823,0.401263356374354,4,Bom
GERALDO N. RECKTENWALD E CIA LTDA,12.0,0.0,1,1247.55,1230.0,0.0,0.0,221.25,0.37767441870849106,1,Ruim / Não recomendado
GHB DE PAULA KOMAC DISTRIBUIDORA DE PRODUTOS AUTOMOTIVOS,1.5,0.7071067811865476,2,1620.44,1585.44,0.0,0.0,16.515,0.39856065368382565,3,Médio
GILBERTO ALMEIDA BARBOSA POTENCIA,4.5,6.590035768383312,8,1772.63,1963.99,191.36,0.09743430460570864,74.41,0.4837710189829944,5,Ótimo / Recomendado
GIMAWA COMERCIAL LTDA,3.0,0.0,1,379.9,379.9,0.0,0.0,37.99,0.39441860467712275,2,Ruim / Não recomendado
GLEICIMAR JOSE DE OUSA SILVA 02012147178,6.166666666666667,2.316606713852541,6,46590.0,46590.0,0.0,0.0,489.5,0.39528388856262886,2,Ruim / Não recomendado
GLOBOMAQ BORRACHAS E MAQUINAS LTDA,1.7307692307692308,3.863238975861497,26,19189.89,19690.91,501.02,0.025444227817533863,305.61147058823525,0.4521559550565558,5,Ótimo / Recomendado
GOIANIA CORREIAS LTDA,1.2,0.4472135954999579,5,1098.0,1098.0,0.0,0.0,37.833333333333336,0.40317284725190583,4,Bom
"GOIANIA INDUSTRIA E COMERCIO DE TUBOS, VALV E CONEXOES",2.5,2.3804761428476167,4,5834.5599999999995,5823.889999999999,0.0,0.0,343.721,0.39940289126672823,3,Médio
GOLDTEX INDUSTRIA QUIMICA LTDA,18.272727272727273,21.564280229541207,11,30966.0,31411.98,445.98,0.014197767857543595,218.30370967741936,0.39156609913135554,2,Ruim / Não recomendado
GOMES DE MELO SO INJECAO EIRELI,0.0,0.0,1,568.0,568.0,0.0,0.0,142.0,0.4,3,Médio
GONCALVES SILVA PNEUS EIRELI,2.2,3.492849839314596,5,17486.0,17486.0,0.0,0.0,379.8557692307692,0.4013123821442801,4,Bom
GP-CENTRO OESTE IMPORTACAO E EXPORTACAO LTDA,8.0,0.0,1,880.0,880.0,0.0,0.0,440.0,0.3851162791389941,1,Ruim / Não recomendado
GRUPO CASAS BAHIA S/A,0.0,0.0,1,898.9,849.0,0.0,0.0,849.0,0.4,3,Médio
GSN LONAS E ENCERADOS LTDA,7.0,0.0,1,1152.0,1152.0,0.0,0.0,288.0,0.3869767442466198,1,Ruim / Não recomendado
GUILHERME GONÇALVES PRADO,0.0,0.0,1,600.0,600.0,0.0,0.0,600.0,0.4,3,Médio
GUIMAQ GUIMARAES MAQUINAS AGRICOLAS LTDA,0.0,0.0,2,4070.0,4340.64,270.64,0.06235025248296327,480.655,0.45426235259474407,5,Ótimo / Recomendado
GUIMARAES AGRICOLA LTDA,0.25,0.5,4,2702.73,2722.73,20.0,0.007345568599403699,118.44375,0.40982245524860905,4,Bom
GYNFLEX MANGUEIRAS E CONEXÕES LTDA,2.0,0.0,1,1600.37,1649.87,49.5,0.03000236380441952,11.957777777777778,0.42173935335259377,5,Ótimo / Recomendado
H.W. PECAS E SERVICOS PARA MOTOS LTDA - ME,67.0,0.0,1,1790.0,1790.0,0.0,0.0,126.42857142857143,0.27534883778907515,1,Ruim / Não recomendado
HENNINGS VEDACOES HIDRAULICAS LTDA,5.0,0.0,1,831.03,757.2,0.0,0.0,12.62,0.3906976744618713,2,Ruim / Não recomendado
HIDRAFLUX INDUSTRIAL LTDA,5.545454545454546,2.2373381099381957,33,405967.75,390210.49,0.0,0.0,106.546468305304,0.4329261183607111,5,Ótimo / Recomendado
HIDRAULICA RIO VERDE COM. DE PECAS E SERVICOS LTDA,0.0,0.0,1,2850.0,2850.0,0.0,0.0,1425.0,0.4,3,Médio
HIDRAULICA RIO VERDE LTDA,0.0,0.0,4,2950.0,2950.0,0.0,0.0,737.5,0.4040540540357926,4,Bom
HIDRO VOLT-MAT ELETRICOS E HIDRAULICOS,4.194444444444445,20.10790531171855,72,110933.9,130073.79000000001,19139.89,0.14714640051506805,204.99225190839695,0.6130121251564243,5,Ótimo / Recomendado
HIDRONINJA LTDA,0.5,0.7071067811865476,2,3580.0,3580.0,0.0,0.0,240.0,0.40042111879145137,4,Bom
HIGIENE MATERIAIS DE LIMPEZA,1.3333333333333333,0.5773502691896257,3,3895.8,3895.8,0.0,0.0,33.010000000000005,0.4002220825470274,4,Bom
HIMAFLEX INDUSTRIA E COMERCIO DE PLASTICOS LTDA,8.9,2.64365067451978,10,70420.66,68203.95,0.0,0.0,13.660322580645163,0.39560402264950856,2,Ruim / Não recomendado
HLEMMAN IND COM DE PROD INDUSTRIAIS LTDA,5.5,0.7071067811865476,2,4928.24,4627.45,0.0,0.0,95.425,0.3911187932533226,2,Ruim / Não recomendado
HLEMMAN IND. E COM. DE PROD. INDUSTRIAIS LTDA,3.0,0.0,1,2142.25,2011.5,0.0,0.0,134.1,0.39441860467712275,2,Ruim / Não recomendado
HP COMERCIAL LTDA,6.0,0.0,1,5964.4,5964.4,0.0,0.0,7.456,0.3888372093542456,2,Ruim / Não recomendado
IBC INDUSTRIA DE BORRACHAS CAXIAS,10.0,2.449489742783178,5,23867.22,22410.5,0.0,0.0,6.9276,0.3868007543047993,1,Ruim / Não recomendado
IBIRA INDUSTRIA E COMERCIO DE PLASTICOS LTDA,8.866666666666667,3.020564437950219,15,89358.6,86568.0,0.0,0.0,9.375563636363637,0.402422794879417,4,Bom
IMDEPA ROLAMENTOS IMP E COM LTDA,1.3214285714285714,1.2989639321472815,140,562292.57,531143.02,0.0,0.0,23.82699214365881,0.5853793652423589,5,Ótimo / Recomendado
IMPERIAL FERRAMENTAS,2.0714285714285716,1.3280573269766118,14,24164.22,23957.87,0.0,0.0,67.27256,0.4137137469083525,5,Ótimo / Recomendado
IMPERIAL IMPORTADOS LTDA,2.4166666666666665,1.6213537179739277,12,11720.720000000001,10756.51,0.0,0.0,37.735894736842106,0.4103687407878105,4,Bom
IND COM COUROS CALCADOS PRIMAVERA LTDA,3.857142857142857,1.7728105208558367,7,72609.59,79203.56,6593.97,0.08325345476790119,82.26639344262296,0.4715816805185281,5,Ótimo / Recomendado
INDEPENDENCIA BOMBAS E PARAFUSOS EIRELI - ME,1.0,0.0,1,1920.0,1920.0,0.0,0.0,240.0,0.39813953489237425,3,Médio
INDUSCOMEL IND E COM CORRENTES MASSARI LTDA,6.0,0.0,1,1959.04,1785.0,0.0,0.0,11.9,0.3888372093542456,2,Ruim / Não recomendado
INDUSTRIA METALURGICA CIAR LTDA,15.5,4.949747468305833,2,6216.01,6045.4400000000005,0.0,0.0,46.480000000000004,0.3725141421770652,1,Ruim / Não recomendado
INDUSTRIA QUIMICA UNA LTDA,7.0,0.0,1,3944.94,3944.94,0.0,0.0,28.79625,0.3869767442466198,1,Ruim / Não recomendado
INOVAR INDUSTRIA E DISTRIBUICAO LTDA,6.0,7.0710678118654755,2,6837.36,6837.36,0.0,0.0,110.42333333333333,0.3901885606995098,2,Ruim / Não recomendado
INOX BRONZE LTDA,1.0,0.0,1,1000.0,1006.09,6.09,0.006053136393311596,94.33600000000001,0.4032762824517734,4,Bom
IPC BRASIL - IMPORTADORA DE PRODUTOS CERTIFICADOS,14.375,8.716773649530133,8,31644.32,30695.739999999998,0.0,0.0,15.690366666666666,0.3827152734947292,1,Ruim / Não recomendado
IPC BRASIL IMPORTADORA DE PRODUTOS CERTIFICADOS LTDA,7.0,0.0,1,14204.08,13756.98,0.0,0.0,35.98315789473685,0.3869767442466198,1,Ruim / Não recomendado
IRMAOS SOARES S/A,0.6666666666666666,1.118033988749895,9,5384.76,5385.52,0.76,0.00014111914909960055,122.30727272727272,0.40969025570621276,4,Bom
IROMANN COMERCIAL LTDA,7.0,0.0,1,5431.04,5431.04,0.0,0.0,6.789,0.3869767442466198,1,Ruim / Não recomendado
ITATIAIAATACADISTA LTDA,4.0,0.0,2,3063.41,3063.41,0.0,0.0,15.235083333333334,0.39390949091476124,2,Ruim / Não recomendado
J ALVES FERRAMENTASE MAQUINAS LTDA,1.0,0.0,1,170.0,170.0,0.0,0.0,85.0,0.39813953489237425,3,Médio
JAINE SILVA AUTO MECANICA LTDA,0.0,0.0,1,130.68,130.68,0.0,0.0,13.068,0.4,3,Médio
JAINE SILVA AUTO MECANICA LTDA-ME,0.0,0.0,1,1800.0,1800.0,0.0,0.0,600.0,0.4,3,Médio
JAKELINE VIEIRA CRUVINEL CABRAL,1.6666666666666667,1.1547005383792517,3,633.69,633.69,0.0,0.0,186.23000000000002,0.39960192751115214,3,Médio
JC DIST LOG IMP E EXP DE PROD IND SA,3.1,1.7740824166460338,20,40238.85,40181.05,0.0,0.0,59.19447142857143,0.4199082337263797,5,Ótimo / Recomendado
JC DISTRIBUIDORA DE FILTROS E PECAS AUTOMOTIVAS LTDA - ME,0.8,1.788854381999832,5,3303.58,3303.58,0.0,0.0,217.181,0.40391703329495615,4,Bom
JC PARTS E SERVICES -EIRELI-ME,0.0,0.0,1,600.0,600.0,0.0,0.0,300.0,0.4,3,Médio
JC PECAS DE ELETRODOMESTICOS EIRELI,0.0,0.0,1,320.0,320.0,0.0,0.0,320.0,0.4,3,Médio
JG INDUSTRIA METALURGICA LTDA,1.5,0.7071067811865476,2,6159.8,6019.92,0.0,0.0,23.681928571428568,0.39856065368382565,3,Médio
JJ MOLAS COMERCIO LTDA,31.5,41.71930009000631,2,1159.8,1159.8,0.0,0.0,57.99,0.3427467004550533,1,Ruim / Não recomendado
JL COMERCIO DE PECAS E PNEUMATICOS LTDA,5.285714285714286,12.639550694476513,14,3803.0,3803.0,0.0,0.0,120.925,0.407733680490984,4,Bom
JOAO ALCELMO DE CARVALHO,0.25,0.5,4,26410.0,26410.0,0.0,0.0,470.0,0.40358893775888616,4,Bom
JOMARCA INDUSTRIAL DE PARAFUSOS LTDA,8.75,0.8864052604279183,8,66090.9,62057.24,0.0,0.0,47.94459239130435,0.39318038972512404,2,Ruim / Não recomendado
JOSE BREM FERNANDES MACHADO,0.0,0.0,1,3550.0,3550.0,0.0,0.0,66.25,0.4,3,Médio
JP ACESSORIOS LTDA,0.0,0.0,2,1450.0,1450.0,0.0,0.0,165.0,0.40135135134526423,4,Bom
JR ATACADO E DISTRIBUIDORA DE EMBALAGENS PLASTICAS,3.25,2.8722813232690143,4,2477.32,2477.32,0.0,0.0,28.974,0.3980075424360089,3,Médio
JRL ATACADO E DISTRIBUIDORA LTDA,7.0,2.160246899469287,4,4464.09,4464.09,0.0,0.0,7.71,0.3910307982824124,2,Ruim / Não recomendado
JSC MORAIS LTDA,2.0,0.0,1,197.1,197.1,0.0,0.0,13.14,0.3962790697847485,3,Médio
JW ROLAMENTOS RETENTORES E PECAS LTDA,1.4,0.8944271909999159,5,2700.4300000000003,2700.4300000000003,0.0,0.0,74.67875000000001,0.4028007542303807,4,Bom
KAPITAO AMERICA EQUIP DE SEG COM IND LTDA,1.5,0.7071067811865476,2,1128.0,1128.0,0.0,0.0,188.0,0.39856065368382565,3,Médio
KARCHER INDUSTRIAL E COMERCIO LTDA,7.666666666666667,1.2110601416389968,6,22927.93,22792.4,0.0,0.0,588.7438571428572,0.3924931909011902,2,Ruim / Não recomendado
KEVEN LUCAS VIEIRA GONDIM,1.0,0.0,3,7328.7,7328.7,0.0,0.0,22.45,0.4008422375829026,4,Bom
KRONOS INDUSTRIA DE ABRASIVOS LTDA,7.0,0.0,1,4501.0,4501.0,0.0,0.0,6.785,0.3869767442466198,1,Ruim / Não recomendado
KTELI INDUSTRIA E COMERCIO LTDA,3.0,0.0,1,1479.56,1257.0,0.0,0.0,41.9,0.39441860467712275,2,Ruim / Não recomendado
L.L.E COMERCIO DE PRODUTOS AGROPECUARIOS LTDA - ME,0.0,0.0,1,582.0,582.0,0.0,0.0,58.2,0.4,3,Médio
L.SILVA PINTO EPP,16.5,23.33452377915607,2,7508.96,7272.6,0.01,1.375024062732032e-06,97.40000000000002,0.37065484392758363,1,Ruim / Não recomendado
LANA FRANCIS LEAO,1.0,0.0,1,3650.0,3800.0,150.0,0.039473684200138505,82.5,0.43163726859611173,5,Ótimo / Recomendado
LED TOOLS FERRAMENTAS LTDA,0.0,0.0,1,511.7,440.0,0.0,0.0,44.0,0.4,3,Médio
LEIHSURE QUIMICA LTDA,1.5,0.5773502691896257,4,10854.9,10872.9,18.0,0.0016554920948729877,27.1625,0.4026682222860721,4,Bom
LF COMERCIO DE PNEUMATICOS LTDA,1.0,0.0,1,1712.22,1712.22,0.0,0.0,142.685,0.39813953489237425,3,Médio
LG MANGUEIRAS E PARAFUSOS LTDA,14.083333333333334,21.609009124953396,24,15126.84,15970.59,843.75,0.05283148587166589,246.4129315068493,0.44971281849132505,5,Ótimo / Recomendado
LG MANGUEIRAS E PARAFUSOS LTDA ME,0.0,0.0,19,4961.97,5707.1,745.13,0.13056193160614638,80.44,0.5351203876025487,5,Ótimo / Recomendado
LIANDRA E DANILO ALVES DE PAIVA,15.0,0.0,1,200.0,262.5,62.5,0.23809523718820863,131.25,0.5741428450090753,5,Ótimo / Recomendado
LIDER DISTRIBUIDORA DE ROLAMENTOS E PECAS LTDA.,2.875,1.8850918886280923,8,14507.72,14482.72,0.0,0.0,71.0095,0.4041106222324253,4,Bom
LIJAFRAN CALCADOS E CONFECCOES LTDA - EPP,0.0,0.0,1,440.0,440.0,0.0,0.0,220.0,0.4,3,Médio
LILIAN APARECIDA BORGES 03385475686,215.0,301.22748878546923,2,5140.0,5140.0,0.0,0.0,25.285714285714285,0.0013513532057292984,1,Ruim / Não recomendado
LKP PRODUTOS PARA DIAGNOSTICOS,5.0,0.0,1,909.03,772.48,23.17,0.029994304020823447,48.28,0.41615111842277125,5,Ótimo / Recomendado
LOJA DO BORRACHEIRO LTDA,9.333333333333334,22.821558435211312,18,3751.95,3751.95,0.0,0.0,127.8826923076923,0.40560863186498425,4,Bom
LOJAS CASTELO FORTE LTA,8.5,10.959716447763812,14,6702.05,6702.05,0.0,0.0,40.015537037037035,0.40175361407361554,4,Bom
LP CLEANING INDUSTRIA E COMERCIO LTDA,4.0,0.0,1,6720.0,6720.0,0.0,0.0,6720.0,0.39255813956949703,2,Ruim / Não recomendado
LUBEXX - EP DISTR LUBR PECAS FILTROS LTDA,2.0,1.7320508075688772,3,5907.68,5907.68,0.0,0.0,964.23275,0.3989817724752769,3,Médio
LUBRIFICAR DIST DE LUBRIF. FILTROS LTDA ME,0.05555555555555555,0.2357022603955158,18,6200.0,7342.04,1142.04,0.15554804929480798,169.84833333333333,0.5548691277780526,5,Ótimo / Recomendado
LUCA INDUSTRIA E COMERCIO LTDA,1.0,0.0,1,6593.26,6593.26,0.0,0.0,58.67842105263157,0.39813953489237425,3,Médio
LUCAS DANIEL SARDINHA -ME,0.0,0.0,1,1674.0,1674.0,0.0,0.0,1674.0,0.4,3,Médio
LUCAS LEMES,3.0,0.0,1,990.0,990.0,0.0,0.0,20.0,0.39441860467712275,2,Ruim / Não recomendado
LUCIANA SOARES VIEIRA,1.0,0.0,1,125.0,125.0,0.0,0.0,2.5,0.39813953489237425,3,Médio
LUCIANO PECAS ELETRICA,0.0,0.0,1,321.1,321.1,0.0,0.0,2.47,0.4,3,Médio
LUMAGI INDUSTRIA METALURGICA LTDA,8.222222222222221,3.833333333333333,9,56365.09,56274.26,0.0,0.0,435.669725,0.39551365321052406,2,Ruim / Não recomendado
LUMINARIAS N. SRA. DA GUIA LTDA,0.0,0.0,1,30000.0,30000.0,0.0,0.0,5000.0,0.4,3,Médio
LUZTOL INDUSTRIA QUIMICA LTDA,2.7058823529411766,1.829094922439543,17,183368.41999999998,170286.82,0.0,0.0,74.18176842105264,0.41658742182123965,5,Ótimo / Recomendado
"LYNUS INDUSTRIA, COMERCIO, IMPORTACAO E EXPORTACAO LTDA",8.8,1.3038404810405297,5,58366.29,57623.57,0.0,0.0,263.08683333333335,0.3890333124339502,2,Ruim / Não recomendado
M F CONEXOES INDUSTRIA E COMERCIO LTDA,6.5,5.32290647422377,4,21174.37,21174.37,0.0,0.0,35.75791666666667,0.39196103083622524,2,Ruim / Não recomendado
M. A COMERCIO DE MAQUINAS E PECAS LTDA,0.3333333333333333,0.5773502691896258,3,1365.0,1469.14,104.14,0.07088500750719126,115.67333333333333,0.462236220998754,5,Ótimo / Recomendado
M. S. F. METALURGICA SANTA FE LTDA,6.0,2.8284271247461903,2,12260.0,11346.16,0.0,0.0,41.89387755102041,0.3901885606995098,2,Ruim / Não recomendado
MAC DIESEL LTDA,34.333333333333336,21.731697279933442,6,1737.78,1809.75,71.97,0.039767923724399544,121.21628571428572,0.3766282161181035,1,Ruim / Não recomendado
MAC DIESEL PECAS E SERVIÇOS LTDA-ME,13.058823529411764,11.69118571956719,17,7222.6900000000005,7990.200000000001,767.51,0.09605641910139213,259.9661379310345,0.4788405021615891,5,Ótimo / Recomendado
MACCAFERRI DO BRASIL LTDA,5.0,0.0,1,8970.0,8970.0,0.0,0.0,3.9,0.3906976744618713,2,Ruim / Não recomendado
MACHADO DISTRIBUICAO COMERCIO DE PECAS,1.0,0.0,2,1901.35,1828.85,0.0,0.0,24.525666666666666,0.39949088623763845,3,Médio
MACLOREN MAQUINAS P/AGRICULTURA LTDA,7.75,0.9574271077563381,4,9643.26,9378.02,0.0,0.0,22.536190476190477,0.38963544945169304,2,Ruim / Não recomendado
MADEFER FERRAGENS MDF E ACESSORIOS,21.0,29.097537123726926,7,3688.2000000000003,3688.15,0.0,0.0,180.3089,0.3690383408114445,1,Ruim / Não recomendado
MADEIREIRA BRUTHIPAUMA,0.0,0.0,7,11938.2,11956.2,18.0,0.0015054950568319787,137.24057142857143,0.40938568510874124,4,Bom
MADEIREIRA TOBIAS LTDA - CD,0.0,0.0,1,25.8,25.8,0.0,0.0,25.8,0.4,3,Médio
MAGAZINE LUIZA S/A,6.0,0.0,1,5259.89,5199.98,0.0,0.0,2599.99,0.3888372093542456,2,Ruim / Não recomendado
MAKITA DO BRASIL FERRAMENTAS ELETRICAS LTDA,4.7727272727272725,1.7976656339825077,22,59009.950000000004,55985.020000000004,0.0,0.0,360.88059722222226,0.419498885691425,5,Ótimo / Recomendado
MANGUEIRAS RV PARAFUSOS E FERRAMENTAS,4.368421052631579,3.789026939228439,19,2940.53,3453.7000000000003,513.17,0.14858557484767476,21.950096153846154,0.5422881231051906,5,Ótimo / Recomendado
MANGUEPLAST MANGUEIRAS,10.25,2.261335084333227,12,58949.38,57116.3,0.0,0.0,13.412108108108107,0.39579509744474217,2,Ruim / Não recomendado
MAPEGE DISTRIBUIDORA LTDA,4.8,4.147288270665544,5,480.0,480.0,10.0,0.020833333289930554,80.0,0.414154532287024,5,Ótimo / Recomendado
MAQUINAS AGRICOLAS JACTO S A,4.0,0.0,1,1841.71,1841.71,0.0,0.0,1841.71,0.39255813956949703,2,Ruim / Não recomendado
MARCIA PEREIRA DE SOUZA,4.0,0.0,1,276.42,276.42,0.0,0.0,138.21,0.39255813956949703,2,Ruim / Não recomendado
MARCON INDUSTRIA METALURGICA LTDA,9.0,4.898979485566356,4,21640.809999999998,21602.09,0.0,0.0,1173.6536363636365,0.3873098680671609,1,Ruim / Não recomendado
MARIA GISLAINE DOS SANTOS ALVES SEGURANÇA EPIS,0.0,0.0,1,4660.0,4660.0,0.0,0.0,14.596666666666666,0.4,3,Médio
MARINHEIRO E SILVA LTDA,0.0,0.0,2,630.0,630.0,0.0,0.0,315.0,0.40135135134526423,4,Bom
MARTINS COMERCIO E SERVICOS DE DISTRIBUICAO S.A,3.6842105263157894,3.2838431343464247,19,57510.56,57373.85,0.0,0.0,102.42003125000001,0.4174699790813973,5,Ótimo / Recomendado
MARTINS COMERCIO E SERVICOS DE DISTRIBUICAO SA,3.2,2.16794833886788,5,49606.81,49569.01,0.0,0.0,18.100903846153848,0.39945191703665434,3,Médio
MARYANNA ICHII PAIM COSTA EIRELI,5.4,14.36198686347633,10,13130.0,13130.0,0.0,0.0,570.2221999999999,0.40211565052619863,4,Bom
MASTER INDUSTRIA E COMERCIO DE CONEXOES LTDA,2.5714285714285716,1.7182493859684491,7,8619.49,8619.49,0.0,0.0,14.186078431372549,0.4033240549376903,4,Bom
MASTER PECAS LTDA - BATERAUTO,1.0,0.0,2,780.0,780.0,0.0,0.0,171.5,0.39949088623763845,3,Médio
MASTER PNEUS RECAPAGEM,0.0,0.0,1,2490.0,2490.0,0.0,0.0,2490.0,0.4,3,Médio
MED SHOP ARTIGOS PARA SAUDE LTDA,0.0,0.0,1,3890.0,3890.0,0.0,0.0,3890.0,0.4,3,Médio
MEFERTEC INDUSTRIA E COMERCIO LTDA - ME,0.0,0.0,1,2320.56,2320.56,0.0,0.0,29.611428571428572,0.4,3,Médio
MEGA DISTRIBUIDORA,1.0,0.0,1,680.0,680.0,0.0,0.0,34.0,0.39813953489237425,3,Médio
MEGA METAIS HIDRAULICOS LTDA,8.5,7.7781745930520225,2,10465.18,10465.18,0.0,0.0,23.959605263157897,0.3855373979304454,1,Ruim / Não recomendado
MEGAFLEX MANGUEIRAS E CONEXOES LTDA-ME,1.2105263157894737,0.9441278407182268,95,126032.70999999999,126040.20999999999,7.5,5.950481992961211e-05,18.4448927943761,0.5248253808232972,5,Ótimo / Recomendado
MEGATECH COMERCIO DE PRODUTOS E INFORMATICA,6.285714285714286,14.465064646868855,7,2023.0,2010.0,0.0,0.0,274.2857142857143,0.39641375596650896,3,Médio
MEGATECNOLOGIA IMPLEMENTOS RODOVIARIOS LTDA,0.2857142857142857,0.4879500364742666,7,11464.2,11464.2,0.0,0.0,95.76730769230768,0.40757654661226345,4,Bom
MENKAR EQUIPAMENTOS E ACESSORIOS INDUSTRIAIS LTDA,6.333333333333333,4.932882862316247,3,4214.4,3719.4,0.0,0.0,158.96,0.39091975700889864,2,Ruim / Não recomendado
MERTZ E GLAESER LTDA,7.05,4.989198859852942,20,118443.27,118321.77,0.0,0.0,206.92716783216784,0.412559396551258,5,Ótimo / Recomendado
METAIS NOBRES LTDA,1.4,0.5477225575051662,5,3388.0,3426.33,38.33,0.011186896763829843,50.555,0.41229405834828364,4,Bom
METAL COM PECAS TRATORES IMP LTDA ME,2.0,0.0,1,845.0,845.0,0.0,0.0,211.25,0.3962790697847485,3,Médio
METAL TECNICA BOVENAU LTDA,9.0,0.0,1,4649.4,4649.4,0.0,0.0,1162.35,0.3832558140313683,1,Ruim / Não recomendado
METALBAUER IND DE PECAS AGRICOLAS LTDA,12.0,0.0,1,1476.83,1439.41,0.0,0.0,1439.414,0.37767441870849106,1,Ruim / Não recomendado
METALBO INDUSTRIA DE FIXADORES METALICOS LTDA,8.88888888888889,2.6193722742502854,9,144132.42,135335.6,0.0,0.0,116.95975490196079,0.39427334313877355,2,Ruim / Não recomendado
METALMATRIX INDUSTRIA METALURGICA LTDA,9.0,0.0,1,4460.09,4247.7,0.0,0.0,576.2890769230769,0.3832558140313683,1,Ruim / Não recomendado
METALPAMA INDUSTRIA E COMERCIO LTDA,0.0,0.0,1,1260.71,1260.71,0.0,0.0,420.237,0.4,3,Médio
METALURGICA FERCAR LTDA,6.333333333333333,4.163331998932265,3,25279.49,24178.100000000002,0.0,0.0,105.6776923076923,0.39091975700889864,2,Ruim / Não recomendado
METALURGICA FEY LTDA,8.545454545454545,3.142089634737888,11,32230.870000000003,30263.75,0.0,0.0,335.7559866666667,0.3976149934420219,3,Médio
METALURGICA SAO RAPHAEL LTDA,6.0,0.0,2,18301.54,16702.91,0.0,0.0,13.91,0.3901885606995098,2,Ruim / Não recomendado
METTA DISTRIBUIDORA DE PECAS LTDA,1.0,0.0,1,336.96,336.96,0.0,0.0,33.696,0.39813953489237425,3,Médio
MEXICHEM BRASIL INDUSTRIA DE TRANSFORMACAO PLASTIC,4.75,6.849574196011505,4,6493.179999999999,6493.179999999999,0.0,0.0,13.8435,0.3952168447745703,2,Ruim / Não recomendado
MEXICHEM BRASIL INDUSTRIA DE TRANSFORMACAO PLASTICA LTDA,7.0,2.8284271247461903,2,1893.27,1893.27,0.0,0.0,5.735333333333333,0.388328095591884,2,Ruim / Não recomendado
MG AUTO PECAS LTDA,0.7142857142857143,1.2535663410560174,7,3222.75,3312.4,89.64999999999999,0.027064967990863126,115.55544444444445,0.42974678672093064,5,Ótimo / Recomendado
MGA HIGIENE PRODUTOS DE LIMPEZA E EPI LTDA,3.0,4.242640687119285,2,3865.8,3865.8,0.0,0.0,35.66153846153846,0.39576995602238696,2,Ruim / Não recomendado
MGM LUBRIFICANTES EIRELI,1.1481481481481481,0.6015175490568515,27,110897.47,110690.8,0.0,0.0,102.45560784313726,0.43299904540885403,5,Ótimo / Recomendado
MICHELAINE STORE LTDA,4.0,0.0,1,1016.4,1016.4,0.0,0.0,101.64,0.39255813956949703,2,Ruim / Não recomendado
MICROPECAS DE METAIS EIRELI-EPP,7.666666666666667,2.081665999466133,3,34274.68,34274.68,0.0,0.0,8.925794392523365,0.38843913686539766,2,Ruim / Não recomendado
MINIPA DO BRASIL LTDA,2.0,0.0,1,2252.32,2122.3,0.0,0.0,110.24666666666667,0.3962790697847485,3,Médio
MINORU MARIO YAMADA EIRELI - ME,1.4,0.8944271909999159,5,7197.2300000000005,7197.2300000000005,233.91,0.03250000346904295,203.20828571428572,0.430380557930911,5,Ótimo / Recomendado
MMVB TECH LTDA,6.0,0.0,1,209.0,209.0,0.0,0.0,209.0,0.3888372093542456,2,Ruim / Não recomendado
MONUMENTAL COMERCIO IMPORTACAOO E DISTRIBUICAO LTDA,1.0,0.0,1,1117.2,1112.2,0.0,0.0,92.68366666666667,0.39813953489237425,3,Médio
MOTO BRASIL PECAS E ACESSORIOS LTDA,1.8695652173913044,1.8660689801653039,23,44759.1,44733.1,0.0,0.0,56.008264705882354,0.4262514687424248,5,Ótimo / Recomendado
MOTORTEM PECAS PARA TRATORES LTDA ME,8.6,5.9833101206606365,5,7689.04,7689.04,0.0,0.0,94.88623684210526,0.3894054054554753,2,Ruim / Não recomendado
MR MOTOPECAS LTDA,5.714285714285714,2.563479777846623,7,8240.490000000002,8240.490000000002,0.0,0.0,106.08159740259741,0.39747687888515226,3,Médio
MULTI BARRAS INDUSTRIA E COMERIO EIRELLI,11.0,2.8284271247461903,2,9606.630000000001,9020.3,0.0,0.0,7.9368181818181816,0.38088623516138104,1,Ruim / Não recomendado
NACAR COMERCIO E IMPORTACAO LTDA,1.0,0.0,1,984.3,984.3,0.0,0.0,492.15,0.39813953489237425,3,Médio
NASA CAMINHOES LTDA,0.0,0.0,3,13485.84,13490.84,5.0,0.0003706218441275249,331.4018181818182,0.40301721581720856,4,Bom
NC PAPEIS LTDA,6.0,4.58257569495584,3,16700.33,16357.76,0.0,0.0,6.866666666666667,0.39153991204477395,2,Ruim / Não recomendado
NEIDEMAR APARECIDA VIEIRA DO PRADO LTDA,13.2,15.4983870128475,5,11152.96,11152.96,0.0,0.0,215.658,0.3808472659603969,1,Ruim / Não recomendado
NEOBETEL EPI EQUIPAMENTOS DE PROTECAO INDIVIDUAL LTDA,4.0,0.0,1,1050.9,1050.9,0.0,0.0,105.09,0.39255813956949703,2,Ruim / Não recomendado
"NEOBETEL EPI, EQUIPAMENTOS DE PROTECAO INDIVIDUAL LTDA",0.6666666666666666,0.5773502691896258,3,8535.630000000001,8535.630000000001,0.0,0.0,143.36333333333334,0.40146239261877786,4,Bom
NEVASKA DISTRIBUIDORA DE CORREIAS E PECAS LTDA,1.0833333333333333,0.3683941988065036,36,95861.23,94585.98,0.0,0.0,10.513976377952755,0.4452817932176519,5,Ótimo / Recomendado
NEVASKA DISTRIBUIDORA DE CORREIS E PECAS LTDA,1.0625,0.2439750182371333,64,132043.19,129363.06,0.0,0.0,8.863190909090909,0.4831583905747912,5,Ótimo / Recomendado
NEW HOME SHOP LTDA,4.0,0.0,1,737.9,737.9,0.0,0.0,49.193,0.39255813956949703,2,Ruim / Não recomendado
NEW PRICE CONSULTORIA EMPRESARIAL,3.0,0.0,1,169.98,169.98,0.0,0.0,169.98,0.39441860467712275,2,Ruim / Não recomendado
NEW SHOP COMERCIO E INDUSTRIA EIRELI,9.5,2.1213203435596424,2,12475.0,12475.0,0.0,0.0,87.43333333333334,0.38367693282281967,1,Ruim / Não recomendado
NIL ART INDUSTRIA METALURGICA LTDA,12.5,6.363961030678928,2,11784.1,11784.1,0.0,0.0,121.57857142857144,0.37809553749994246,1,Ruim / Não recomendado
NK COMERCIO DE PAPEIS EIRELLI,6.666666666666667,0.5773502691896257,3,18173.120000000003,18173.120000000003,0.0,0.0,6.206666666666666,0.39029960197302344,2,Ruim / Não recomendado
NOVA AMAZONAS IND COM IMP ALIM LTDA,5.0,0.7071067811865476,5,5061.48,5038.98,0.0,0.0,18.4871,0.39610307984292803,3,Médio
NOVA DISTRIBUIDORA DE FERRAGENS LTDA,2.576923076923077,2.1386552208914256,26,125906.0,125906.0,0.0,0.0,24.891585798816568,0.42898950816195364,5,Ótimo / Recomendado
NOVAPRESS INSTRUMENTACAO INDUSTRIAL LTDA,12.0,0.0,1,1318.0,1318.0,0.0,0.0,65.9,0.37767441870849106,1,Ruim / Não recomendado
NUTRISAL IND COM SUPLEM P/ ALIMENTACAO AL LTDA,1.75,1.5,4,441.06,444.54,3.48,0.007828316894254022,99.545,0.4074414222575579,4,Bom
NXL DISTRIBUIDORA LTDA,7.0,0.0,2,10025.3,10025.3,0.0,0.0,5.596363636363637,0.388328095591884,2,Ruim / Não recomendado
O BORRACHEIRO COM DE BORRACHA LTDA,1.0,0.0,1,1007.23,1007.23,0.0,0.0,1007.23,0.39813953489237425,3,Médio
O.V.D. IMPORTADORA E DISTRIBUIDORA LTDA,2.233183856502242,2.1517585930166745,223,1655765.64,1624510.34,0.0,0.0,53.25493605902244,0.6958452380047132,5,Ótimo / Recomendado
ODILA TERHORST 35367105068,0.0,0.0,1,260.0,260.0,0.0,0.0,20.0,0.4,3,Médio
ORBI QUIMICA LTDA,11.5,0.7071067811865476,2,21880.809999999998,20888.94,0.0,0.0,7.725833333333333,0.3799560026075682,1,Ruim / Não recomendado
ORBI QUIMICA S/A,15.9,6.4368729468068056,10,86472.06,84304.68,0.0,0.0,6.763297872340425,0.38258076689612835,1,Ruim / Não recomendado
OSVALDO DE SOUSA NETO ME,0.3333333333333333,0.5773502691896258,3,5449.8,5532.0,82.2,0.014859002166511388,1.7,0.4146920343991235,5,Ótimo / Recomendado
OUROLUX COMERCIAL LTDA,8.5,1.8708286933869707,6,83511.35,76261.84,0.0,0.0,16.740147058823528,0.3909428033115021,2,Ruim / Não recomendado
PADO S.A INDL COML E IMPORTADORA,10.0,2.8284271247461903,2,9809.619999999999,9809.619999999999,0.0,0.0,28.28142857142857,0.3827467002690068,1,Ruim / Não recomendado
PASIFER AÇOS ESPECIAIS LTDA,10.5,3.5118845842842465,4,13158.560000000001,12807.11,0.0,0.0,734.625,0.3845191704057223,1,Ruim / Não recomendado
PAULO ROBERTO ROSSI FERRAMENTAS,16.0,0.0,1,1613.3,1613.3,0.0,0.0,56.88333333333333,0.3702325582779881,1,Ruim / Não recomendado
PEREIRA NOBRE AUTO PECAS,1.75,2.362907813126304,4,1814.0,1814.0,0.0,0.0,196.4,0.4007982400974475,4,Bom
PERFIL EPI'S E SOLDAGEM LTDA,2.0,3.2659863237109046,13,6972.75,6972.75,0.0,0.0,122.74333333333334,0.41249528592791873,4,Bom
PERFIX IND E COM DE FERAGENS LTDA,7.0,0.0,1,899.93,845.0,0.0,0.0,84.5,0.3869767442466198,1,Ruim / Não recomendado
PETER COMERCIO DE TINTAS EIRELI,0.875,1.807721533549109,8,20539.0,22347.14,1808.14,0.08091147233691151,451.69253846153845,0.47649377663169845,5,Ótimo / Recomendado
PETERLINI & CAMPOS COMERCIO DE TINTAS LTDA,7.0,0.0,1,6200.0,6200.0,0.0,0.0,310.0,0.3869767442466198,1,Ruim / Não recomendado
PIERBELT ARTEFATOS DE BORRACHA EIRELI,12.0,0.0,1,719.24,669.9,0.0,0.0,22.33,0.37767441870849106,1,Ruim / Não recomendado
PILAR MATERIA DE CONSTRUÇÃO,0.0,0.0,1,9250.0,9375.0,125.0,0.01333333333191111,1.875,0.4113147900528109,4,Bom
PIRES SILVA MATERIAIS DE CONTRUCAO UNIPESSOAL LTDA,0.0,0.0,3,133.0,152.65,19.65,0.12872584258941472,50.88333333333333,0.5119406439474612,5,Ótimo / Recomendado
PLASBOHN INDUSTRIA DE PLASTICOS LTDA,6.0,0.0,1,11081.75,10732.94,0.0,0.0,17.136,0.3888372093542456,2,Ruim / Não recomendado
PLASTECNIL LTDA,1.6666666666666667,0.5773502691896257,3,2884.0,2884.38,0.38,0.0001317440836048842,55.583333333333336,0.39971372675966577,3,Médio
PLASTILIT PRODUTOS PLASTICOS DO PARANA S.A,13.666666666666666,1.1547005383792517,3,12680.84,12680.84,0.0,0.0,22.757,0.37727634621964323,1,Ruim / Não recomendado
PNEULANDIA COMERCIAL LTDA-RVD,22.4,43.952246814013954,5,11352.0,11352.0,0.0,0.0,729.4,0.3637309869702401,1,Ruim / Não recomendado
PODIUM COM DE PROD AUTOMOTIVOS LTDA GO,2.1666666666666665,1.3291601358251257,6,12165.04,12139.54,0.0,0.0,26.314235294117648,0.40272574899313185,4,Bom
POLICORDAS INDUSTRIA E COMERCIO LTDA-ME,7.333333333333333,5.354126134736337,6,22495.91,22495.91,0.0,0.0,1.0439333333333332,0.3931133459370655,2,Ruim / Não recomendado
POLIPECAS DISTRIBUIDORA AUTOMOTIVA LTDA,1.0,0.0,1,2661.5,2659.0,0.0,0.0,2659.0,0.39813953489237425,3,Médio
POLIPLASTICO INDUSTRIA E COMERCIO DE PLASTICOS LTDA EPP,4.0,0.0,3,11081.9,11081.9,0.0,0.0,2.748727272727273,0.3952608422600254,2,Ruim / Não recomendado
POLISUL IND E COM DE LONAS PLASTICAS LTDA,5.0,2.9154759474226504,5,45065.2,45065.2,0.0,0.0,14.256882352941176,0.39610307984292803,3,Médio
POLISUL PROD LIMPEZA SUL IND E COMERCIO,4.0,0.0,1,3942.0,3942.0,0.0,0.0,6.18,0.39255813956949703,2,Ruim / Não recomendado
POP BUY COMERCIO DE ARTIGOS PARA PROTECAO,3.0,1.7320508075688772,3,2417.2,2417.2,0.0,0.0,37.18666666666667,0.3971213073676511,3,Médio
POSITEC IMPORTACAO DE FERRAMENTAS LTDA,8.8,2.529822128134703,10,99210.43,93967.98,0.0,0.0,345.89666666666665,0.3957900691602711,2,Ruim / Não recomendado
POSTO DE MOLAS ABOBRAO,0.0,0.0,1,150.0,170.0,20.0,0.11764705813148789,170.0,0.49983638224229604,5,Ótimo / Recomendado
PRENSSO MAQUINAS LTDA,14.0,0.0,1,4800.0,4800.0,0.0,0.0,1333.3333333333333,0.3739534884932396,1,Ruim / Não recomendado
PRESSGAGE INSTRUMENTO DE MEDICAO COMERCIAL ME,10.0,0.0,1,8000.0,8000.0,0.0,0.0,161.0,0.3813953489237426,1,Ruim / Não recomendado
PREVEMAX CONFECCOES PLASTICAS LTDA,7.0,0.0,1,2087.67,1890.0,0.0,0.0,6.3,0.3869767442466198,1,Ruim / Não recomendado
PRO-SAFETY INDUSTRIA E COMERCIO DE EQUIPAMENTOS DE,11.666666666666666,5.163977794943222,15,65169.8,63406.02,0.0,0.0,30.838983050847457,0.39721349257806493,3,Médio
PUMA DO BRASIL LTDA,17.0,5.656854249492381,2,2483.84,2483.84,0.0,0.0,1241.92,0.3697234445156266,1,Ruim / Não recomendado
"QUALITY FIX DO BRASIL, INDUSTRIA, COMERCIO, IMPORT",6.75,0.957427107756338,4,15300.96,14907.73,0.0,0.0,30.038365853658533,0.3914959145593188,2,Ruim / Não recomendado
RA FERRAGENS DISTRIBUIDORA E IMPORTADORA LTDA ME,7.0,0.0,1,7994.25,7994.25,0.0,0.0,13.21175,0.3869767442466198,1,Ruim / Não recomendado
RAINHA DA BORRACHA LTDA,1.3043478260869565,0.7648400075533118,23,53714.5,53758.51,44.01,0.0008186610826673086,412.1548387096774,0.42799775934785295,5,Ótimo / Recomendado
RAVEN COMERCIO E IMPORTACAO DE FERRAMENTAS LTDA,9.6,2.4083189157584592,5,13862.12,13072.98,0.0,0.0,66.83465384615384,0.3875449403478496,2,Ruim / Não recomendado
RBL IMPORTADORA E SERVICO CENTRO NORTE EIRELI,1.2222222222222223,0.44095855184409843,9,26342.88,26342.88,0.0,0.0,111.7939705882353,0.40853690896390427,4,Bom
RCC COMERCIAL IMPORTADORA LTDA.,1.0,0.0,11,21789.07,20414.51,0.0,0.0,327.1839534883721,0.4116530483450161,4,Bom
REINO DA BORRACHA LTDA,1.1666666666666667,0.408248290463863,6,6155.0,6155.0,0.0,0.0,76.0,0.40458621410075757,4,Bom
RENATA BORGES TRINDADE - D'CASA - ME,17.0,0.0,1,69.99,77.8,7.81,0.10038560282280716,77.8,0.4535602446993184,5,Ótimo / Recomendado
REVISORA GOIANA LTDA,5.0,4.358898943540674,3,1255.03,1255.03,0.0,0.0,144.003,0.39340037715239967,2,Ruim / Não recomendado
RG COMPRESSORES LTDA,5.0,0.0,1,100.0,100.0,0.0,0.0,50.0,0.3906976744618713,2,Ruim / Não recomendado
RHINO FABRICACAO E ATACADO DE EPI'S LTDA,11.8,2.04939015319192,5,44305.7,44305.7,0.0,0.0,36.13809523809524,0.38345191711107296,1,Ruim / Não recomendado
RIO DIESEL PECAS E SERVIÇOS LTDA,0.0,0.0,1,200.8,251.0,50.2,0.19999999920318726,83.66666666666667,0.5697218501340844,5,Ótimo / Recomendado
RIO GASES COMERCIO E TRANSPORTES LTDA,0.0,0.0,3,750.0,750.0,0.0,0.0,150.0,0.4027027026905284,4,Bom
RIO PECAS E -COMMER LTDA,0.0,0.0,1,357.0,420.0,63.0,0.14999999964285715,420.0,0.5272913878046256,5,Ótimo / Recomendado
RIO VERDAO AUTO PECAS,0.0,0.0,2,4956.0,5113.96,157.96,0.030888000682272054,394.22,0.42756319456338426,5,Ótimo / Recomendado
RIO VERDE COMERCIO E ESPORTE LTDA,5.0,5.656854249492381,2,5578.88,5578.88,0.0,0.0,29.896461538461537,0.3920490258071355,2,Ruim / Não recomendado
RIO VERDE MANGUEIRAS,5.285714285714286,5.060078616424414,14,4695.02,5459.35,764.33,0.14000384658613133,177.67561538461538,0.5265422403067584,5,Ótimo / Recomendado
RIOFER INDUSTRIAL LTDA,5.333333333333333,7.278028371042322,12,19485.48,19414.4,0.0,0.0,123.73150000000001,0.40494238422390205,4,Bom
RIOVERDISEL COMERCIO E SERVICOS LTDA ME,0.0,0.0,1,868.51,868.51,0.0,0.0,868.51,0.4,3,Médio
RIVER TURBOS COMERCIO DE PECAS LTDA,0.0,0.0,1,130.0,145.0,15.0,0.10344827514863258,145.0,0.4877871636067784,5,Ótimo / Recomendado
RIVERCRILL REVESTIMENTOS ACRILICOS LTDA - ME,11.0,0.0,1,3341.76,3325.0,0.0,0.0,43.56666666666666,0.37953488381611683,1,Ruim / Não recomendado
RIVERLATAS LTDA,0.0,0.0,1,555.44,555.44,0.0,0.0,277.72,0.4,3,Médio
RIVEROL - RIO VERDE ROLAMENTOS E PECAS LTDA - ME,0.0,0.0,5,992.0,1024.0,32.0,0.03124999996948242,78.16666666666667,0.43192444454426343,5,Ótimo / Recomendado
ROBERT BOSCH LIMITADA,7.3076923076923075,3.146876865734846,39,209174.12,200198.62,0.0,0.0,525.3720887096774,0.43775564456431243,5,Ótimo / Recomendado
ROBERTO VAGNER DE AZEVEDO,0.0,0.0,2,130.0,130.0,0.0,0.0,65.0,0.40135135134526423,4,Bom
ROBUSTEC INDUSTRIA E COMERCIO LTDA,9.153846153846153,3.9337461756395737,13,96696.73,96612.0,0.0,0.0,87.77625,0.39918580477336535,3,Médio
ROLBRAS INDUSTRIAL LTDA,7.5,3.5355339059327378,2,4671.98,4556.17,0.0,0.0,11.07764705882353,0.3873978630380711,1,Ruim / Não recomendado
RONALDO MOREIRA DOS SANTOS,1.0,0.0,2,5990.45,5990.45,0.0,0.0,10.924999999999999,0.39949088623763845,3,Médio
RONDO FOX BATERIAS LTDA,3.1,1.7919573407620815,10,6495.0,6495.0,0.0,0.0,474.5,0.40639472027373785,4,Bom
RRC VIGARIO,1.0,0.0,1,320.0,320.0,0.0,0.0,320.0,0.39813953489237425,3,Médio
S DE S LTDA,1.0,0.0,1,3040.0,3040.0,0.0,0.0,169.0,0.39813953489237425,3,Médio
SALES IND COM DE MAQUINAS LTDA,9.0,0.0,1,2716.04,2716.04,0.0,0.0,2716.04,0.3832558140313683,1,Ruim / Não recomendado
SAM METAL INDUSTRIA E COMERCIO EIRELI,2.0,0.0,1,4512.0,4512.0,0.0,0.0,27.506470588235292,0.3962790697847485,3,Médio
SAN HO COMERCIO IMPORTACAO E EXPORTACAO LTDA - ME,2.923076923076923,2.968116675467843,39,145917.79,144889.5,0.0,0.0,11.227762096774194,0.44591306849774837,5,Ótimo / Recomendado
SANTA CLARA MANUFATURA E COSMETICOS LTDA,8.0,2.8284271247461903,2,1935.83,1935.83,0.0,0.0,0.609,0.3864676304842583,1,Ruim / Não recomendado
SANTA MONICA PROD QUIM CATANDUVA LTDA,3.230769230769231,0.7646014547562572,26,117659.87,113826.0,0.0,0.0,87.15427927927928,0.4277730502069676,5,Ótimo / Recomendado
SARICO MATERIAIS PARA CONSTRU€CO,0.0,0.0,2,3204.0,3747.67,543.67,0.14506880271073258,149.392,0.5244580797997394,5,Ótimo / Recomendado
SAUBER PARTS IMPORTACAO EXPORTACAO LTDA,1.0,0.0,1,1256.48,1179.79,0.0,0.0,11.798,0.39813953489237425,3,Médio
SCHWEERS METALURGICA EIRELI,7.333333333333333,2.1602468994692865,6,19968.63,19428.75,0.0,0.0,15.000027777777778,0.3931133459370655,2,Ruim / Não recomendado
SCOA IND E OM DE RODAS E RODIZIOS LTDA,22.0,0.0,1,2390.66,2390.66,0.0,0.0,33.08625,0.35906976763223364,1,Ruim / Não recomendado
SEABRA LUBRIFICANTES EIRELI - ME,1.0,0.0,1,998.0,998.0,0.0,0.0,499.0,0.39813953489237425,3,Médio
SEARV,11.538461538461538,28.309643188071046,13,6574.5,6607.6,33.1,0.0050093831338141855,62.3405,0.3990003199396243,3,Médio
SENDAS DISTRIBUIDORA S/A,0.0,0.0,1,701.1,701.1,0.0,0.0,18.45,0.4,3,Médio
SFERA ROLAMENTOS E PECAS LTDA SFERAROL,1.8630136986301369,2.9968273431764034,73,119397.9,118564.26,0.0,0.0,14.790040431266847,0.49383122487769104,5,Ótimo / Recomendado
SFERAROL ROLAMENTOS E PECAS LTDA,1.0,0.0,1,367.12,367.12,0.0,0.0,12.237,0.39813953489237425,3,Médio
SHOPPING DAS CADEIRAS COMERCIO E SERVIÇOS LTDA,40.0,0.0,1,1500.0,1500.0,0.0,0.0,500.0,0.32558139569497024,1,Ruim / Não recomendado
"SIGMA TOOLS COMERCIO DE MAQUINAS, EQUIPAMENTOS E A",6.222222222222222,2.9907264074877267,9,65910.11,63070.770000000004,0.0,0.0,672.43709375,0.39923458342577556,3,Médio
"SIGMA TOOLS COMERCIO DE MAQUINAS, EQUIPAMENTOS E ACESSORIOS",8.0,0.0,1,1216.11,1156.0,0.0,0.0,289.0,0.3851162791389941,1,Ruim / Não recomendado
SINERGIA INDUSTRIA E MONTAGENS ELETRICAS LTDA - ME,0.2857142857142857,0.7559289460184545,7,6808.19,7446.3,638.11,0.08569490886941233,210.32636363636365,0.48029803930393256,5,Ótimo / Recomendado
SIVA IND. E COM. DE ARTEFATOS DE ARAME E ACO LTDA,11.75,3.304037933599835,4,25829.0,23660.07,0.0,0.0,45.824666666666666,0.3821935890211901,1,Ruim / Não recomendado
SKY IND E COM PROD DESCARTAVEIS LTDA,6.4,3.2093613071762426,5,7650.0,7650.0,0.0,0.0,9.209999999999999,0.39349842869225193,2,Ruim / Não recomendado
SM INDUSTRIA E COMERCIO LTDA,7.0,0.0,3,32851.86,32265.6,0.0,0.0,59.46222222222222,0.3896794469371482,2,Ruim / Não recomendado
SMART PURIFICADORES E ELETRODOMESTICOS LTDA,1.0,0.0,2,380.0,380.0,0.0,0.0,126.66666666666667,0.39949088623763845,3,Médio
SNAP-ON DO BRASIL COM E IND LTDA,9.666666666666666,2.3094010767585034,3,7420.83,7196.16,0.0,0.0,9.476363636363637,0.38471820665014617,1,Ruim / Não recomendado
SO CARDAN LTDA,3.9310344827586206,7.377238326108019,29,9773.0,10695.0,922.0,0.08620850864084072,202.91666666666666,0.503681623385933,5,Ótimo / Recomendado
SOLAR LED MATERIAIS ELETRICOS LTDA,3.142857142857143,3.484660262185848,7,99223.5,99223.5,0.0,0.0,257.33214285714286,0.40226093201904706,4,Bom
SOMAFERTIL LTDA,13.409090909090908,16.453857822086505,22,52419.69,75601.36,23181.67,0.3066303304556078,303.9658136645963,0.6636405684866504,5,Ótimo / Recomendado
SOTREQ S/A,1.3333333333333333,0.5773502691896258,3,6967.33,6967.33,0.0,0.0,1161.41375,0.4002220825470274,4,Bom
SOUSA COMERCIO DE PRODUTOS AUTOMOTIVOS LTDA,1.6111111111111112,0.9785276387866012,18,102026.92,102026.92,0.0,0.0,111.67005555555555,0.4199755568627608,5,Ótimo / Recomendado
SOUSA E PEREIRA LTDA ME,2.7142857142857144,3.1471831698777724,7,1402.97,1598.92,195.95,0.12255147216711812,42.5161,0.5070565875866606,5,Ótimo / Recomendado
SOUSA NAVES INDUSTRIA E COMERCIO,1.0,0.0,1,5621.25,5621.25,0.0,0.0,44.97,0.39813953489237425,3,Médio
SOUTHERN COM DE EPIS LTDA,11.0,0.0,1,2347.2,2347.2,0.0,0.0,1.63,0.37953488381611683,1,Ruim / Não recomendado
SP PARTS IMPORTACAO E EXPORTACAO LTDA,3.163265306122449,6.025456202560897,49,49699.99,47267.49,0.0,0.0,9.36306289308176,0.45897971984447694,5,Ótimo / Recomendado
STAR MIX DISTRIBUIDORA LTDA,2.0,0.0,1,3900.0,3900.0,0.0,0.0,650.0,0.3962790697847485,3,Médio
STEELS EQUIPAMENTOS INDUSTRIAIS COMERCIO E IMPORTACAO,11.0,0.0,1,2748.59,2735.5,0.0,0.0,18.652727272727272,0.37953488381611683,1,Ruim / Não recomendado
STEULA EQUIPAMENTOS LTDA,5.333333333333333,0.5773502691896257,3,15016.19,14675.19,0.0,0.0,101.53833333333334,0.3927802221165244,2,Ruim / Não recomendado
STILEX ABRASIVOS LTDA,12.8,5.06951674225463,5,21886.76,21886.76,0.0,0.0,6.823695652173913,0.38159145200344724,1,Ruim / Não recomendado
STRADA COMERCIO ATACADISTA COUBTRY LTDA,6.0,0.0,1,3674.4,3674.4,0.0,0.0,30.619999999999997,0.3888372093542456,2,Ruim / Não recomendado
SUBLIME TRANSPORTES E COMERCIO LTDA,2.0,0.0,1,77.0,77.0,0.0,0.0,7.0,0.3962790697847485,3,Médio
SUDOESTE MOTOS E ACESSORIOS LTDA,2.5714285714285716,3.866830866792722,7,1198.6100000000001,1198.6100000000001,0.0,0.0,107.04357142857144,0.4033240549376903,4,Bom
SUECA ROLAMENTOS E SOLUCOES INDUSTRIAIS LTDA,1.3793103448275863,0.7752323662456805,29,136754.85,136745.85,0.0,0.0,127.38901923076924,0.4352716788982582,5,Ótimo / Recomendado
SUPER TORK COLUMBIA COM DE FERRAMENTAS ELETRICAS,7.0,2.6457513110645907,3,12219.279999999999,12219.279999999999,0.0,0.0,191.93357142857144,0.3896794469371482,2,Ruim / Não recomendado
SUPREMA DISTRIBUIDORA DE VEDACOES E COMP HIDR LTDA,1.2222222222222223,0.6666666666666666,9,5921.71,5921.71,0.0,0.0,5.9188732394366195,0.40853690896390427,4,Bom
SW TECH LTDA,9.0,0.0,1,169.0,155.05,0.0,0.0,155.05,0.3832558140313683,1,Ruim / Não recomendado
SWUECIA VEICULOS S.A,0.0,0.0,1,2156.0,2222.68,66.68,0.029999820023575232,555.67,0.4254581248918805,5,Ótimo / Recomendado
TDF PRODUTOS METALICOS LTDA,5.0,0.0,1,5650.0,4750.0,0.0,0.0,4750.0,0.3906976744618713,2,Ruim / Não recomendado
TECIDOS E ARMARINHOS MIGUEL BARTOLOMEU S/A,8.0,0.0,1,8834.08,8826.09,0.0,0.0,111.4204827586207,0.3851162791389941,1,Ruim / Não recomendado
TECIDOS E ARMARINHOS MIGUEL BARTOLOMEU SA,5.607142857142857,4.192933082066518,28,159590.95,158997.75,0.0,0.0,65.48044634146342,0.42605459268294577,5,Ótimo / Recomendado
TELESEG TELECOM E SISTEMAS DE SEGURANCA LTDA,1.0,0.0,1,1500.0,1500.0,0.0,0.0,1500.0,0.39813953489237425,3,Médio
THE BLACK PARTICIPACOES LTDA,4.0,0.0,1,366.66,378.0,11.34,0.029999999920634922,378.0,0.41801641712368715,5,Ótimo / Recomendado
THE FLEX DISTRIBUIDORA DE CONEXOES PARA FREIOS,1.135135135135135,0.8219949365267867,37,60484.06,60496.229999999996,12.17,0.00020116956048003043,11.852848101265822,0.4467074834688085,5,Ótimo / Recomendado
THIAGO BELTRAN DA F. ROLAMENTO ME,10.0,0.0,1,4408.0,4408.0,0.0,0.0,74.575,0.3813953489237426,1,Ruim / Não recomendado
TIAGO DA SILVA LEAO 51265655,1.5,0.7071067811865476,2,3235.0,3235.0,0.0,0.0,35.714999999999996,0.39856065368382565,3,Médio
TOLEAGRI - TOLEDO PECAS AGRICOLAS LTDA,8.666666666666666,0.5773502691896258,3,3691.2,3545.2,0.0,0.0,110.97916666666667,0.38657867175777194,1,Ruim / Não recomendado
TOLEAGRI - TOLEDO PECAS AGRICOLAS LTDA - EPP,5.75,2.8722813232690143,4,7545.82,7472.370000000001,0.0,0.0,81.56966666666668,0.3933563796669446,2,Ruim / Não recomendado
TOP COMERCIO DE LONAS E SERVICOS LTDA,3.0,1.7320508075688772,3,44180.0,44180.0,0.0,0.0,4034.0,0.3971213073676511,3,Médio
TORNEADORA DO GAUCHO,1.8235294117647058,5.854862232769093,17,7270.0,7270.0,0.0,0.0,278.85963157894736,0.4182290086809094,5,Ótimo / Recomendado
TORNOTEC USINAGEM LTDA-ME,21.0,14.142135623730951,2,800.0,800.0,0.0,0.0,400.0,0.3622815840851236,1,Ruim / Não recomendado
TOTAL DISTRIBUIDORA E LOGISTICA,3.3333333333333335,3.0,9,22434.6,22382.47,0.0,0.0,16.96169696969697,0.40460926040336104,4,Bom
TOTAL EQUIP E ACESS INDUSTRIAIS LTDA,1.0,0.0,1,1920.0,1920.0,0.0,0.0,480.0,0.39813953489237425,3,Médio
TRACBEL S/A GOIANIA,2.3333333333333335,1.8027756377319946,9,43905.16,43905.16,0.0,0.0,704.7776875,0.40646972551098676,4,Bom
TRACTORTEM DIST E IMP DE PECAS PARA TRATORES LTDA,6.368421052631579,9.105618084553866,19,13784.46,13729.97,0.0,0.0,71.37287234042553,0.41247609905566507,4,Bom
TRADICAO TINTAS,0.0,0.0,5,1614.0,1809.82,195.82,0.10819860532638681,80.75473684210526,0.49722374313647666,5,Ótimo / Recomendado
UNIPLAS - MATERIAIS ELETRICOS E HIDRAULICOS LTDA,0.0,0.0,1,55.0,64.0,9.0,0.1406249978027344,16.0,0.5193356744863491,5,Ótimo / Recomendado
URCA MOTORS VEICULOS LTDA,0.6,1.3416407864998738,5,10704.09,10922.63,218.54,0.02000800173401388,263.09528,0.42126810174304063,5,Ótimo / Recomendado
V R COMERCIO DE MADEIRA E MATERIAL PARA CONSTRUCAO,0.0,0.0,1,385.5,385.5,0.0,0.0,38.55,0.4,3,Médio
V.S.A. VASSOURAS SANTO ANTONIO LTDA,0.5,0.7071067811865476,2,1048.0,1048.0,0.0,0.0,21.8335,0.40042111879145137,4,Bom
VA IMPORTACAO E DISTRIBUICAO EIRELI,12.0,0.0,1,10841.96,10841.96,0.0,0.0,1027.542,0.37767441870849106,1,Ruim / Não recomendado
VALFOR TRATORES COMERCIO DE PECAS LTDA - ME,70.77777777777777,90.86497919685254,9,2290.37,2478.86,188.48999999999998,0.07603898563208934,100.51852631578947,0.3436586116873367,1,Ruim / Não recomendado
VALK TUBOS ACESSRIOS E MONTAGENS INDUS LTDA,1.0,0.0,1,724.0,724.0,0.0,0.0,362.0,0.39813953489237425,3,Médio
VAMOS MAQUINAS E EQUIPAMENTOS,0.0,0.0,2,6400.0,6400.0,0.0,0.0,424.0,0.40135135134526423,4,Bom
VANUSA MENDES DOS SANTOS LTDA,4.583333333333333,7.3045232976601975,12,2287.0,2506.02,219.01999999999998,0.08739754667265323,124.84666666666665,0.48050409994241833,5,Ótimo / Recomendado
VASSOURAS SANTO ANTONIO,3.0,4.358898943540674,3,1190.0,1190.0,0.0,0.0,11.110999999999999,0.3971213073676511,3,Médio
VEDACIL COMPONENTES HIDRAULICOS LTDA,1.1818181818181819,0.6030226891555273,11,39337.13,39337.13,0.0,0.0,38.605547169811324,0.4113147819618115,4,Bom
VENILTON FERREIRA RODRIGUES E CIA LTDA,3.6666666666666665,7.599342076785332,9,1640.0,1744.07,104.07000000000001,0.05967077006102349,742.944,0.45462627303763964,5,Ótimo / Recomendado
VIDROARTE COMERCIO DE VIDROS LTDA,0.0,0.0,1,2996.0,2996.0,0.0,0.0,428.0,0.4,3,Médio
VIP INDUSTRIAL COMERCIO IMPORTACAO E EXPORTACAO DE FERRAMENTAS EIRELI,12.0,0.0,1,416.6,396.0,0.0,0.0,45.0,0.37767441870849106,1,Ruim / Não recomendado
VIRTUAL DISTRI DE MAT ELETRICOS EIRELI,13.0,0.0,1,2529.67,2409.2,0.0,0.0,14.245000000000001,0.37581395360086534,1,Ruim / Não recomendado
VOLMAQ MAQUINAS AGRICOLAS LTDA,1.5,1.0,4,2240.31,2240.31,0.0,0.0,453.6775,0.401263356374354,4,Bom
VR COMERCIO DE MADEIRAS EIRELI,2.75,3.774917217635375,4,7948.02,7956.030000000001,8.010000000000002,0.0010067835338721971,30.47775,0.39979214081349224,3,Médio
VR. COMERCIO DE MADEIRAS E MAT. P/CONSTRUCAO,0.0,0.0,2,960.0,960.31,0.31,0.0003228124248182229,4.8015,0.40162529295628774,4,Bom
WB COMPONENTES AUTOMOTIVOS LTDA,1.1764705882352942,1.0065631857380992,68,188599.53,188369.53,0.0,0.0,101.05753300733497,0.48835175765314054,5,Ótimo / Recomendado
WELLINGTON JUNIO DA COSTA SILVA,1.0,0.0,1,1525.7,1525.7,0.0,0.0,10.6525,0.39813953489237425,3,Médio
WESLEY ALVES FERREIRA,0.0,0.0,1,4320.0,3920.0,0.0,0.0,98.0,0.4,3,Médio
WESLEY ROCHA,0.14285714285714285,0.37796447300922725,7,11430.0,11430.0,0.0,0.0,15.485714285714286,0.40784232734192427,4,Bom
WMS SUPERMERCADOS DO BRASIL LTDA,5.0,3.2071349029490928,8,2838.54,2838.54,0.0,0.0,15.471052631578948,0.4001571338787206,4,Bom
WORD SEG PRODUTOS PARA SEGURANCA LTDA,1.0,0.0,1,3698.4,3698.4,0.0,0.0,46.23,0.39813953489237425,3,Médio
WORLD SEG PRODUTOS PARA SEGURANCA LTDA,1.0,0.0,1,2382.0,2382.0,0.0,0.0,198.5,0.39813953489237425,3,Médio
WR DISTRIBUIDORA DE ACESSORIOS AUTOMOTIVO LTDA,7.0,0.0,1,1840.0,1840.0,0.0,0.0,21.3,0.3869767442466198,1,Ruim / Não recomendado
WURTH DO BRASIL PECAS DE FIXACAO LTDA,5.545454545454546,1.7336902313221414,33,69798.12,66353.89,0.0,0.0,66.62668907563025,0.4329261183607111,5,Ótimo / Recomendado
WWC LTDA,0.0,0.0,2,566.0,750.4,184.4,0.2457356073484334,375.2,0.60988486179107,5,Ótimo / Recomendado
